driver_id,driver_name,license_no,experience_years,joining_date,base_salary
DID_001,Barkha Kala,DL-7744-7747,13,2013-02-24 19:58:59,39429
DID_002,Bimala Tandon,DL-2399-7472,19,2007-02-26 19:58:59,19374
DID_003,Tanveer Bhandari,DL-4829-3453,18,2008-02-26 19:58:59,28697
DID_004,Joshua Solanki,DL-2759-5751,12,2014-02-24 19:58:59,26846
DID_005,Vedant Pathak,DL-9127-8385,3,2023-02-22 19:58:59,21805
DID_006,Rachana Kannan,DL-2798-5034,9,2017-02-23 19:58:59,32682
DID_007,Ryan Kamdar,DL-9529-5954,15,2011-02-25 19:58:59,27783
DID_008,Lohit Kunda,DL-2391-8258,7,2019-02-23 19:58:59,38317
DID_009,Vrinda Din,DL-3558-3983,19,2007-02-26 19:58:59,30159
DID_010,Baljiwan Shankar,DL-3523-7868,8,2018-02-23 19:58:59,24031
DID_011,Nidhi Kari,DL-5012-7439,5,2021-02-22 19:58:59,38879
DID_012,Ijaya Rai,DL-9777-1448,2,2024-02-22 19:58:59,23035
DID_013,Anthony Sankaran,DL-4793-8452,13,2013-02-24 19:58:59,20432
DID_014,Ishwar Dhar,DL-1208-1000,12,2014-02-24 19:58:59,23322
DID_015,Aditya Sampath,DL-1202-9883,20,2006-02-26 19:58:59,34110
DID_016,Eiravati Sule,DL-3592-6987,9,2017-02-23 19:58:59,32722
DID_017,Ayushman Dhawan,DL-1624-7698,20,2006-02-26 19:58:59,21847
DID_018,Niharika Bhatia,DL-4496-6109,4,2022-02-22 19:58:59,23365
DID_019,Lohit Dalal,DL-6281-7994,17,2009-02-25 19:58:59,29331
DID_020,Qarin Jaggi,DL-2514-6716,11,2015-02-24 19:58:59,20004
DID_021,Vritti Saxena,DL-4356-6388,11,2015-02-24 19:58:59,25010
DID_022,Timothy Tara,DL-7624-6280,-5,2016-02-24 19:58:59,36062
DID_023,Megha Barman,DL-8754-1120,16,2010-02-25 19:58:59,20708
DID_024,Upkaar Pillay,DL-7930-2369,1,2025-02-21 19:58:59,34805
DID_025,Charvi Kalita,DL-8551-7727,4,2022-02-22 19:58:59,29706
DID_026,Vritti Chandra,DL-4312-4105,6,2020-02-23 19:58:59,26357
DID_027,Ekani Nagi,DL-3742-4351,8,2018-02-23 19:58:59,20231
DID_028,Ekapad Ahuja,DL-7596-9953,18,2008-02-26 19:58:59,22978
DID_029,Amol Kaur,DL-1404-1662,1,2025-02-21 19:58:59,36197
DID_030,Damini Kibe,DL-2642-1371,17,2009-02-25 19:58:59,26828
DID_031,Unni Ben,DL-4785-2991,10,2016-02-24 19:58:59,16925
DID_032,Anusha Pai,DL-9960-1510,13,2013-02-24 19:58:59,39043
DID_033,Balendra Gala,DL-7361-9614,14,2012-02-25 19:58:59,28542
DID_034,Sachi Bali,DL-7494-2485,19,2007-02-26 19:58:59,32570
DID_035,Eesha Chowdhury,DL-8465-2795,1,2025-02-21 19:58:59,34354
DID_036,Samar Baria,DL-1803-5439,5,2021-02-22 19:58:59,20803
DID_037,Omya Gandhi,DL-1410-8696,14,2012-02-25 19:58:59,18578
DID_038,Chandani Guha,DL-4826-8735,16,2010-02-25 19:58:59,31904
DID_039,Ayaan Kata,DL-1697-2075,5,2021-02-22 19:58:59,37050
DID_040,Ryan Chahal,DL-6914-2991,14,2012-02-25 19:58:59,31693
DID_041,Yagnesh Sood,DL-4893-8911,11,2015-02-24 19:58:59,39174
DID_042,Chakradhar Basu,DL-9775-1517,20,2006-02-26 19:58:59,39930
DID_043,Udant Kohli,DL-6303-5190,16,2010-02-25 19:58:59,25066
DID_044,Urmi Vasa,DL-7626-7705,7,2019-02-23 19:58:59,19571
DID_045,Jeremiah Puri,DL-2746-8974,20,2006-02-26 19:58:59,26858
DID_046,Tejas Ghose,DL-6967-3939,20,2006-02-26 19:58:59,22773
DID_047,Ladli Nair,DL-3377-8975,1,2025-02-21 19:58:59,27473
DID_048,Unni Prabhu,DL-7429-7903,15,2011-02-25 19:58:59,39964
DID_049,Akshay Hora,DL-1451-4468,5,2021-02-22 19:58:59,34491
DID_050,Arya Sanghvi,DL-2011-5251,16,2010-02-25 19:58:59,37544
DID_051,Vritti Nagar,DL-6331-2708,19,2007-02-26 19:58:59,22343
DID_052,Chatresh Acharya,DL-3713-4049,14,2012-02-25 19:58:59,19523
DID_053,Jhalak Narayan,DL-3734-4818,1,2025-02-21 19:58:59,34638
DID_054,Edhitha Magar,DL-9825-5638,15,2011-02-25 19:58:59,30473
DID_055,Jagvi Sahota,DL-7578-9876,18,2008-02-26 19:58:59,37142
DID_056,Madhav Toor,DL-8697-4097,3,2023-02-22 19:58:59,20989
DID_057,Nihal Nanda,DL-2319-3068,5,2021-02-22 19:58:59,34200
DID_058,Bhavini Balay,DL-7135-2473,13,2013-02-24 19:58:59,20441
DID_059,Teerth Sodhi,DL-9830-9866,6,2020-02-23 19:58:59,33983
DID_060,Eesha Mutti,DL-1334-5033,-4,2008-02-26 19:58:59,37354
DID_061,Gunbir Saran,DL-6842-3935,13,2013-02-24 19:58:59,38119
DID_062,Veer Thakur,DL-4362-3076,13,2013-02-24 19:58:59,17225
DID_063,Neelima Kaur,DL-3700-1719,18,2008-02-26 19:58:59,36444
DID_064,Gabriel Dhillon,DL-2333-2670,13,2013-02-24 19:58:59,29044
DID_065,Bhavini Kanda,DL-6202-9244,3,2023-02-22 19:58:59,26135
DID_066,Bhavani Chakraborty,DL-4491-7879,20,2006-02-26 19:58:59,20879
DID_067,Amara Sahni,DL-3420-4408,1,2025-02-21 19:58:59,19649
DID_068,Samarth Mukherjee,DL-9178-8035,7,2019-02-23 19:58:59,38035
DID_069,Raghav Mistry,DL-8188-6357,6,2020-02-23 19:58:59,21885
DID_070,Zinal Bhat,DL-8453-7537,18,2008-02-26 19:58:59,22512
DID_071,Ronith Borde,DL-3488-4227,17,2009-02-25 19:58:59,25793
DID_072,Aarini Loke,DL-1625-7313,18,2008-02-26 19:58:59,23413
DID_073,Rishi Dugal,DL-7945-7159,15,2011-02-25 19:58:59,29737
DID_074,Veer Zacharia,DL-6315-1729,13,2013-02-24 19:58:59,27674
DID_075,Gabriel Sampath,DL-7510-2594,15,2011-02-25 19:58:59,36759
DID_076,David Saran,DL-9883-1045,4,2022-02-22 19:58:59,15133
DID_077,Balhaar Basak,DL-7744-7747,6,2020-02-23 19:58:59,32941
DID_078,Charan Mukhopadhyay,DL-2008-8315,16,2010-02-25 19:58:59,21155
DID_079,Sarthak Vora,DL-3801-5121,3,2023-02-22 19:58:59,17754
DID_080,David Natarajan,DL-2133-6526,15,2011-02-25 19:58:59,23824
DID_081,Yoshita Gala,DL-6152-4606,2,2024-02-22 19:58:59,27086
DID_082,Xavier Toor,DL-2018-1622,20,2006-02-26 19:58:59,39049
DID_083,Januja Dora,DL-4033-8339,10,2016-02-24 19:58:59,31592
DID_084,Lila Korpal,DL-4712-7057,1,2025-02-21 19:58:59,26336
DID_085,Yashodhara Sidhu,DL-9364-6261,14,2012-02-25 19:58:59,16513
DID_086,Ishani Dora,DL-1307-7650,15,2011-02-25 19:58:59,35205
DID_087,Zaid Balan,DL-9596-2785,17,2009-02-25 19:58:59,32144
DID_088,Akshay Tailor,DL-8400-5872,11,2015-02-24 19:58:59,19540
DID_089,Nakul Tella,DL-9541-8227,9,2017-02-23 19:58:59,35775
DID_090,Chatresh Wali,DL-8884-6715,9,2017-02-23 19:58:59,23868
DID_091,Sanaya Dhar,DL-6820-3580,8,2018-02-23 19:58:59,22396
DID_092,Daksha Dua,DL-7633-3403,15,2011-02-25 19:58:59,39278
DID_093,Jai Goyal,DL-8894-6087,10,2016-02-24 19:58:59,23588
DID_094,Tara Zachariah,DL-7744-7747,14,2012-02-25 19:58:59,30609
DID_095,Vrinda Agarwal,DL-8166-2734,6,2020-02-23 19:58:59,32468
DID_096,Ishani Varkey,DL-3611-2520,5,2021-02-22 19:58:59,27856
DID_097,Balveer Tandon,DL-7808-5677,13,2013-02-24 19:58:59,24802
DID_098,Balendra Ramesh,DL-6186-9358,15,2011-02-25 19:58:59,17240
DID_099,Eiravati Sridhar,DL-8833-3588,2,2024-02-22 19:58:59,34206
DID_100,Bina Saha,DL-5510-2386,15,2011-02-25 19:58:59,38033
