traffic_event_id,route_id,congestion_level,delay_minutes,timestamp
TRF_00001,RID_001,Medium,17,2024-01-14 00:00:00
TRF_00002,RID_001,High,72,2024-01-15 00:00:00
TRF_00003,RID_001,High,46,2024-02-16 00:00:00
TRF_00004,RID_001,Low,9,2024-03-14 00:00:00
TRF_00005,RID_001,Low,5,2024-03-13 00:00:00
TRF_00006,RID_001,High,61,2024-03-30 00:00:00
TRF_00007,RID_001,Low,6,2024-03-04 00:00:00
TRF_00008,RID_001,Low,9,2024-01-04 00:00:00
TRF_00009,RID_001,High,81,2024-03-21 00:00:00
TRF_00010,RID_001,High,119,2024-03-14 00:00:00
TRF_00011,RID_001,Low,7,2024-02-10 00:00:00
TRF_00012,RID_001,High,116,2024-01-15 00:00:00
TRF_00013,RID_001,High,99,2024-02-23 00:00:00
TRF_00014,RID_001,High,68,2024-03-15 00:00:00
TRF_00015,RID_001,Medium,24,2024-01-09 00:00:00
TRF_00016,RID_001,Low,7,2024-01-26 00:00:00
TRF_00017,RID_001,High,117,2024-01-03 00:00:00
TRF_00018,RID_001,Low,3,2024-01-03 00:00:00
TRF_00019,RID_001,Low,8,2024-02-26 00:00:00
TRF_00020,RID_001,Medium,36,2024-02-22 00:00:00
TRF_00021,RID_002,Low,6,2024-01-02 00:00:00
TRF_00022,RID_002,Medium,29,2024-03-02 00:00:00
TRF_00023,RID_002,Medium,27,2024-03-27 00:00:00
TRF_00024,RID_002,High,91,2024-01-07 00:00:00
TRF_00025,RID_002,Low,7,2024-03-26 00:00:00
TRF_00026,RID_002,Low,6,2024-03-13 00:00:00
TRF_00027,RID_002,High,91,2024-03-23 00:00:00
TRF_00028,RID_002,Medium,39,2024-03-07 00:00:00
TRF_00029,RID_002,High,115,2024-03-29 00:00:00
TRF_00030,RID_002,Low,4,2024-02-05 00:00:00
TRF_00031,RID_002,High,63,2024-01-10 00:00:00
TRF_00032,RID_002,Low,2,2024-01-26 00:00:00
TRF_00033,RID_002,Low,10,2024-03-06 00:00:00
TRF_00034,RID_002,Medium,27,2024-02-19 00:00:00
TRF_00035,RID_002,Low,9,2024-01-03 00:00:00
TRF_00036,RID_002,Low,3,2024-01-17 00:00:00
TRF_00037,RID_002,Low,1,2024-01-15 00:00:00
TRF_00038,RID_002,Medium,31,2024-01-18 00:00:00
TRF_00039,RID_002,High,83,2024-03-30 00:00:00
TRF_00040,RID_002,Low,10,2024-03-29 00:00:00
TRF_00041,RID_003,Medium,33,2024-01-11 00:00:00
TRF_00042,RID_003,Medium,12,2024-02-07 00:00:00
TRF_00043,RID_003,Medium,29,2024-01-01 00:00:00
TRF_00044,RID_003,High,95,2024-01-26 00:00:00
TRF_00045,RID_003,High,70,2024-03-15 00:00:00
TRF_00046,RID_003,Medium,16,2024-02-02 00:00:00
TRF_00047,RID_003,Low,1,2024-01-26 00:00:00
TRF_00048,RID_003,Medium,24,2024-02-04 00:00:00
TRF_00049,RID_003,Medium,24,2024-03-02 00:00:00
TRF_00050,RID_003,Medium,18,2024-01-07 00:00:00
TRF_00051,RID_003,Medium,11,2024-02-17 00:00:00
TRF_00052,RID_003,High,76,2024-02-17 00:00:00
TRF_00053,RID_003,High,89,2024-03-23 00:00:00
TRF_00054,RID_003,Low,4,2024-03-30 00:00:00
TRF_00055,RID_003,Medium,28,2024-03-03 00:00:00
TRF_00056,RID_003,High,80,2024-03-28 00:00:00
TRF_00057,RID_003,Low,4,2024-03-16 00:00:00
TRF_00058,RID_003,Low,9,2024-01-27 00:00:00
TRF_00059,RID_003,Medium,39,2024-02-14 00:00:00
TRF_00060,RID_003,Medium,31,2024-02-07 00:00:00
TRF_00061,RID_004,High,55,2024-01-31 00:00:00
TRF_00062,RID_004,Medium,26,2024-03-06 00:00:00
TRF_00063,RID_004,High,68,2024-03-07 00:00:00
TRF_00064,RID_004,Low,1,2024-02-02 00:00:00
TRF_00065,RID_004,High,117,2024-02-29 00:00:00
TRF_00066,RID_004,Low,0,2024-01-26 00:00:00
TRF_00067,RID_004,High,100,2024-02-19 00:00:00
TRF_00068,RID_004,Low,2,2024-02-28 00:00:00
TRF_00069,RID_004,Low,6,2024-01-05 00:00:00
TRF_00070,RID_004,High,110,2024-03-15 00:00:00
TRF_00071,RID_004,Low,0,2024-02-13 00:00:00
TRF_00072,RID_004,High,72,2024-01-21 00:00:00
TRF_00073,RID_004,Medium,28,2024-01-26 00:00:00
TRF_00074,RID_004,High,105,2024-02-16 00:00:00
TRF_00075,RID_004,Medium,31,2024-03-16 00:00:00
TRF_00076,RID_004,Low,10,2024-02-12 00:00:00
TRF_00077,RID_004,Low,1,2024-03-09 00:00:00
TRF_00078,RID_004,Medium,36,2024-03-11 00:00:00
TRF_00079,RID_004,Medium,26,2024-03-17 00:00:00
TRF_00080,RID_004,High,95,2024-03-09 00:00:00
TRF_00081,RID_005,High,60,2024-01-03 00:00:00
TRF_00082,RID_005,Medium,26,2024-03-20 00:00:00
TRF_00083,RID_005,High,112,2024-03-11 00:00:00
TRF_00084,RID_005,Low,9,2024-02-21 00:00:00
TRF_00085,RID_005,High,113,2024-03-12 00:00:00
TRF_00086,RID_005,Medium,21,2024-03-09 00:00:00
TRF_00087,RID_005,Low,4,2024-02-12 00:00:00
TRF_00088,RID_005,Medium,27,2024-02-18 00:00:00
TRF_00089,RID_005,Medium,22,2024-03-17 00:00:00
TRF_00090,RID_005,High,111,2024-03-06 00:00:00
TRF_00091,RID_005,High,83,2024-01-24 00:00:00
TRF_00092,RID_005,Low,1,2024-01-13 00:00:00
TRF_00093,RID_005,Low,2,2024-02-13 00:00:00
TRF_00094,RID_005,High,116,2024-01-27 00:00:00
TRF_00095,RID_005,Medium,33,2024-01-03 00:00:00
TRF_00096,RID_005,Low,1,2024-03-04 00:00:00
TRF_00097,RID_005,Medium,38,2024-03-13 00:00:00
TRF_00098,RID_005,Low,0,2024-02-19 00:00:00
TRF_00099,RID_005,Low,0,2024-02-09 00:00:00
TRF_00100,RID_005,Medium,12,2024-02-04 00:00:00
TRF_00101,RID_006,Low,10,2024-03-04 00:00:00
TRF_00102,RID_006,Medium,19,2024-03-10 00:00:00
TRF_00103,RID_006,Medium,30,2024-02-06 00:00:00
TRF_00104,RID_006,Medium,30,2024-03-01 00:00:00
TRF_00105,RID_006,High,48,2024-02-05 00:00:00
TRF_00106,RID_006,Medium,13,2024-02-10 00:00:00
TRF_00107,RID_006,Low,3,2024-01-21 00:00:00
TRF_00108,RID_006,Medium,40,2024-03-17 00:00:00
TRF_00109,RID_006,Medium,13,2024-02-17 00:00:00
TRF_00110,RID_006,Medium,31,2024-02-28 00:00:00
TRF_00111,RID_006,Medium,28,2024-03-15 00:00:00
TRF_00112,RID_006,High,64,2024-03-12 00:00:00
TRF_00113,RID_006,Medium,27,2024-02-29 00:00:00
TRF_00114,RID_006,High,51,2024-02-20 00:00:00
TRF_00115,RID_006,High,94,2024-01-18 00:00:00
TRF_00116,RID_006,High,107,2024-03-13 00:00:00
TRF_00117,RID_006,Low,6,2024-02-06 00:00:00
TRF_00118,RID_006,Low,0,2024-03-31 00:00:00
TRF_00119,RID_006,Low,1,2024-03-18 00:00:00
TRF_00120,RID_006,High,95,2024-01-05 00:00:00
TRF_00121,RID_007,Low,8,2024-02-15 00:00:00
TRF_00122,RID_007,Medium,16,2024-02-14 00:00:00
TRF_00123,RID_007,High,103,2024-03-31 00:00:00
TRF_00124,RID_007,High,106,2024-02-02 00:00:00
TRF_00125,RID_007,Low,2,2024-03-09 00:00:00
TRF_00126,RID_007,High,88,2024-03-28 00:00:00
TRF_00127,RID_007,Medium,40,2024-02-22 00:00:00
TRF_00128,RID_007,Low,2,2024-02-08 00:00:00
TRF_00129,RID_007,Medium,26,2024-03-08 00:00:00
TRF_00130,RID_007,Medium,31,2024-01-20 00:00:00
TRF_00131,RID_007,Medium,26,2024-01-17 00:00:00
TRF_00132,RID_007,Medium,27,2024-01-03 00:00:00
TRF_00133,RID_007,High,51,2024-02-25 00:00:00
TRF_00134,RID_007,Low,3,2024-02-26 00:00:00
TRF_00135,RID_007,Medium,19,2024-03-28 00:00:00
TRF_00136,RID_007,High,86,2024-01-01 00:00:00
TRF_00137,RID_007,High,120,2024-03-26 00:00:00
TRF_00138,RID_007,Low,9,2024-02-27 00:00:00
TRF_00139,RID_007,Low,0,2024-03-17 00:00:00
TRF_00140,RID_007,Medium,25,2024-01-13 00:00:00
TRF_00141,RID_008,Medium,29,2024-01-13 00:00:00
TRF_00142,RID_008,Low,5,2024-03-17 00:00:00
TRF_00143,RID_008,Low,9,2024-01-21 00:00:00
TRF_00144,RID_008,High,99,2024-03-11 00:00:00
TRF_00145,RID_008,High,114,2024-01-06 00:00:00
TRF_00146,RID_008,Medium,24,2024-01-31 00:00:00
TRF_00147,RID_008,High,110,2024-03-09 00:00:00
TRF_00148,RID_008,Medium,28,2024-03-26 00:00:00
TRF_00149,RID_008,High,66,2024-02-06 00:00:00
TRF_00150,RID_008,Low,7,2024-02-13 00:00:00
TRF_00151,RID_008,High,106,2024-03-14 00:00:00
TRF_00152,RID_008,High,67,2024-01-24 00:00:00
TRF_00153,RID_008,Low,7,2024-02-24 00:00:00
TRF_00154,RID_008,Medium,12,2024-03-26 00:00:00
TRF_00155,RID_008,High,73,2024-03-16 00:00:00
TRF_00156,RID_008,Low,7,2024-03-10 00:00:00
TRF_00157,RID_008,Medium,13,2024-02-08 00:00:00
TRF_00158,RID_008,High,63,2024-02-11 00:00:00
TRF_00159,RID_008,Low,0,2024-01-17 00:00:00
TRF_00160,RID_008,Low,8,2024-03-14 00:00:00
TRF_00161,RID_009,Medium,32,2024-01-02 00:00:00
TRF_00162,RID_009,Low,10,2024-02-10 00:00:00
TRF_00163,RID_009,High,49,2024-03-29 00:00:00
TRF_00164,RID_009,Low,9,2024-03-27 00:00:00
TRF_00165,RID_009,High,105,2024-02-08 00:00:00
TRF_00166,RID_009,High,58,2024-02-08 00:00:00
TRF_00167,RID_009,Low,4,2024-03-09 00:00:00
TRF_00168,RID_009,Low,2,2024-02-26 00:00:00
TRF_00169,RID_009,Low,4,2024-01-11 00:00:00
TRF_00170,RID_009,High,103,2024-02-16 00:00:00
TRF_00171,RID_009,Low,0,2024-03-20 00:00:00
TRF_00172,RID_009,Low,6,2024-01-11 00:00:00
TRF_00173,RID_009,Low,3,2024-03-27 00:00:00
TRF_00174,RID_009,High,59,2024-01-27 00:00:00
TRF_00175,RID_009,High,45,2024-02-02 00:00:00
TRF_00176,RID_009,Medium,16,2024-03-24 00:00:00
TRF_00177,RID_009,Medium,25,2024-01-30 00:00:00
TRF_00178,RID_009,High,116,2024-02-26 00:00:00
TRF_00179,RID_009,High,40,2024-01-21 00:00:00
TRF_00180,RID_009,Medium,23,2024-02-16 00:00:00
TRF_00181,RID_010,Low,9,2024-03-09 00:00:00
TRF_00182,RID_010,Medium,25,2024-03-23 00:00:00
TRF_00183,RID_010,Low,8,2024-02-19 00:00:00
TRF_00184,RID_010,High,96,2024-01-16 00:00:00
TRF_00185,RID_010,Medium,33,2024-03-30 00:00:00
TRF_00186,RID_010,Low,3,2024-03-18 00:00:00
TRF_00187,RID_010,Low,7,2024-02-06 00:00:00
TRF_00188,RID_010,Low,7,2024-02-15 00:00:00
TRF_00189,RID_010,Low,3,2024-03-05 00:00:00
TRF_00190,RID_010,High,117,2024-03-21 00:00:00
TRF_00191,RID_010,High,119,2024-01-09 00:00:00
TRF_00192,RID_010,Medium,24,2024-03-23 00:00:00
TRF_00193,RID_010,Medium,14,2024-03-24 00:00:00
TRF_00194,RID_010,Low,7,2024-02-23 00:00:00
TRF_00195,RID_010,Medium,13,2024-02-18 00:00:00
TRF_00196,RID_010,Medium,38,2024-01-01 00:00:00
TRF_00197,RID_010,High,106,2024-02-15 00:00:00
TRF_00198,RID_010,Low,0,2024-02-06 00:00:00
TRF_00199,RID_010,Medium,15,2024-03-28 00:00:00
TRF_00200,RID_010,High,86,2024-01-07 00:00:00
TRF_00201,RID_011,Medium,27,2024-03-05 00:00:00
TRF_00202,RID_011,Low,1,2024-02-18 00:00:00
TRF_00203,RID_011,Medium,13,2024-01-03 00:00:00
TRF_00204,RID_011,Medium,36,2024-03-19 00:00:00
TRF_00205,RID_011,High,87,2024-02-16 00:00:00
TRF_00206,RID_011,Medium,31,2024-02-27 00:00:00
TRF_00207,RID_011,Medium,29,2024-01-29 00:00:00
TRF_00208,RID_011,High,41,2024-01-29 00:00:00
TRF_00209,RID_011,High,56,2024-03-26 00:00:00
TRF_00210,RID_011,High,95,2024-03-11 00:00:00
TRF_00211,RID_011,Medium,39,2024-01-21 00:00:00
TRF_00212,RID_011,Low,9,2024-03-03 00:00:00
TRF_00213,RID_011,High,96,2024-01-23 00:00:00
TRF_00214,RID_011,High,107,2024-03-21 00:00:00
TRF_00215,RID_011,Medium,28,2024-01-03 00:00:00
TRF_00216,RID_011,High,87,2024-03-22 00:00:00
TRF_00217,RID_011,Low,2,2024-01-02 00:00:00
TRF_00218,RID_011,High,46,2024-01-18 00:00:00
TRF_00219,RID_011,Medium,33,2024-03-10 00:00:00
TRF_00220,RID_011,Low,4,2024-02-25 00:00:00
TRF_00221,RID_012,Medium,26,2024-03-31 00:00:00
TRF_00222,RID_012,Medium,18,2024-02-25 00:00:00
TRF_00223,RID_012,High,67,2024-02-06 00:00:00
TRF_00224,RID_012,High,67,2024-03-27 00:00:00
TRF_00225,RID_012,Low,3,2024-03-18 00:00:00
TRF_00226,RID_012,Medium,31,2024-03-25 00:00:00
TRF_00227,RID_012,High,91,2024-03-11 00:00:00
TRF_00228,RID_012,Low,6,2024-03-08 00:00:00
TRF_00229,RID_012,High,87,2024-01-29 00:00:00
TRF_00230,RID_012,High,74,2024-02-15 00:00:00
TRF_00231,RID_012,Medium,20,2024-01-07 00:00:00
TRF_00232,RID_012,High,51,2024-01-05 00:00:00
TRF_00233,RID_012,Low,0,2024-03-01 00:00:00
TRF_00234,RID_012,Low,5,2024-03-22 00:00:00
TRF_00235,RID_012,Low,9,2024-03-24 00:00:00
TRF_00236,RID_012,High,72,2024-02-18 00:00:00
TRF_00237,RID_012,Medium,19,2024-03-28 00:00:00
TRF_00238,RID_012,High,114,2024-02-19 00:00:00
TRF_00239,RID_012,Medium,32,2024-01-08 00:00:00
TRF_00240,RID_012,High,110,2024-02-01 00:00:00
TRF_00241,RID_013,Low,8,2024-03-05 00:00:00
TRF_00242,RID_013,Medium,14,2024-01-05 00:00:00
TRF_00243,RID_013,High,68,2024-03-05 00:00:00
TRF_00244,RID_013,Medium,23,2024-02-29 00:00:00
TRF_00245,RID_013,Medium,28,2024-02-10 00:00:00
TRF_00246,RID_013,Low,9,2024-02-12 00:00:00
TRF_00247,RID_013,High,112,2024-03-28 00:00:00
TRF_00248,RID_013,Low,7,2024-03-10 00:00:00
TRF_00249,RID_013,High,113,2024-01-03 00:00:00
TRF_00250,RID_013,Low,10,2024-03-30 00:00:00
TRF_00251,RID_013,High,52,2024-01-14 00:00:00
TRF_00252,RID_013,Medium,33,2024-02-06 00:00:00
TRF_00253,RID_013,Low,4,2024-01-03 00:00:00
TRF_00254,RID_013,High,101,2024-03-23 00:00:00
TRF_00255,RID_013,High,52,2024-03-01 00:00:00
TRF_00256,RID_013,Low,4,2024-02-19 00:00:00
TRF_00257,RID_013,Medium,19,2024-01-17 00:00:00
TRF_00258,RID_013,Low,9,2024-03-26 00:00:00
TRF_00259,RID_013,Medium,18,2024-03-05 00:00:00
TRF_00260,RID_013,Medium,14,2024-03-02 00:00:00
TRF_00261,RID_014,Low,5,2024-02-09 00:00:00
TRF_00262,RID_014,Low,4,2024-02-14 00:00:00
TRF_00263,RID_014,Medium,18,2024-02-21 00:00:00
TRF_00264,RID_014,Medium,13,2024-03-07 00:00:00
TRF_00265,RID_014,High,93,2024-01-21 00:00:00
TRF_00266,RID_014,High,62,2024-01-08 00:00:00
TRF_00267,RID_014,High,107,2024-01-12 00:00:00
TRF_00268,RID_014,Medium,31,2024-01-24 00:00:00
TRF_00269,RID_014,Low,5,2024-01-23 00:00:00
TRF_00270,RID_014,Medium,17,2024-01-13 00:00:00
TRF_00271,RID_014,Low,5,2024-02-26 00:00:00
TRF_00272,RID_014,Medium,35,2024-03-19 00:00:00
TRF_00273,RID_014,High,97,2024-02-18 00:00:00
TRF_00274,RID_014,Medium,14,2024-01-30 00:00:00
TRF_00275,RID_014,Medium,33,2024-01-12 00:00:00
TRF_00276,RID_014,High,69,2024-03-11 00:00:00
TRF_00277,RID_014,Low,4,2024-02-08 00:00:00
TRF_00278,RID_014,High,63,2024-01-18 00:00:00
TRF_00279,RID_014,High,82,2024-03-06 00:00:00
TRF_00280,RID_014,Medium,14,2024-03-26 00:00:00
TRF_00281,RID_015,Low,5,2024-01-09 00:00:00
TRF_00282,RID_015,High,52,2024-02-12 00:00:00
TRF_00283,RID_015,Medium,40,2024-01-17 00:00:00
TRF_00284,RID_015,Low,10,2024-01-22 00:00:00
TRF_00285,RID_015,High,87,2024-02-23 00:00:00
TRF_00286,RID_015,High,74,2024-03-14 00:00:00
TRF_00287,RID_015,High,40,2024-01-12 00:00:00
TRF_00288,RID_015,High,118,2024-01-06 00:00:00
TRF_00289,RID_015,High,94,2024-03-27 00:00:00
TRF_00290,RID_015,Medium,32,2024-01-20 00:00:00
TRF_00291,RID_015,Low,2,2024-03-13 00:00:00
TRF_00292,RID_015,Medium,33,2024-03-16 00:00:00
TRF_00293,RID_015,Medium,33,2024-01-12 00:00:00
TRF_00294,RID_015,Low,0,2024-02-04 00:00:00
TRF_00295,RID_015,High,103,2024-03-24 00:00:00
TRF_00296,RID_015,High,111,2024-02-11 00:00:00
TRF_00297,RID_015,Low,5,2024-01-31 00:00:00
TRF_00298,RID_015,Medium,32,2024-01-15 00:00:00
TRF_00299,RID_015,High,96,2024-03-18 00:00:00
TRF_00300,RID_015,High,86,2024-03-10 00:00:00
TRF_00301,RID_016,High,114,2024-01-06 00:00:00
TRF_00302,RID_016,Low,10,2024-03-26 00:00:00
TRF_00303,RID_016,Medium,18,2024-01-28 00:00:00
TRF_00304,RID_016,Low,9,2024-01-27 00:00:00
TRF_00305,RID_016,High,111,2024-01-23 00:00:00
TRF_00306,RID_016,Medium,24,2024-01-05 00:00:00
TRF_00307,RID_016,Medium,12,2024-02-01 00:00:00
TRF_00308,RID_016,Low,0,2024-02-22 00:00:00
TRF_00309,RID_016,High,114,2024-03-28 00:00:00
TRF_00310,RID_016,Medium,36,2024-02-11 00:00:00
TRF_00311,RID_016,High,106,2024-03-29 00:00:00
TRF_00312,RID_016,Low,0,2024-01-19 00:00:00
TRF_00313,RID_016,Medium,39,2024-02-29 00:00:00
TRF_00314,RID_016,Low,8,2024-02-26 00:00:00
TRF_00315,RID_016,Medium,13,2024-01-21 00:00:00
TRF_00316,RID_016,High,44,2024-02-16 00:00:00
TRF_00317,RID_016,Medium,40,2024-03-20 00:00:00
TRF_00318,RID_016,Medium,19,2024-03-20 00:00:00
TRF_00319,RID_016,Medium,35,2024-01-01 00:00:00
TRF_00320,RID_016,High,71,2024-01-16 00:00:00
TRF_00321,RID_017,Low,7,2024-01-16 00:00:00
TRF_00322,RID_017,High,101,2024-02-22 00:00:00
TRF_00323,RID_017,Low,6,2024-01-25 00:00:00
TRF_00324,RID_017,Low,9,2024-02-25 00:00:00
TRF_00325,RID_017,High,80,2024-03-22 00:00:00
TRF_00326,RID_017,High,89,2024-02-10 00:00:00
TRF_00327,RID_017,Low,10,2024-02-06 00:00:00
TRF_00328,RID_017,High,109,2024-01-28 00:00:00
TRF_00329,RID_017,Medium,19,2024-01-24 00:00:00
TRF_00330,RID_017,High,43,2024-02-14 00:00:00
TRF_00331,RID_017,High,116,2024-02-16 00:00:00
TRF_00332,RID_017,High,54,2024-02-07 00:00:00
TRF_00333,RID_017,Medium,25,2024-02-22 00:00:00
TRF_00334,RID_017,High,118,2024-02-18 00:00:00
TRF_00335,RID_017,Medium,39,2024-03-14 00:00:00
TRF_00336,RID_017,Medium,35,2024-01-26 00:00:00
TRF_00337,RID_017,Medium,15,2024-03-21 00:00:00
TRF_00338,RID_017,Low,9,2024-03-18 00:00:00
TRF_00339,RID_017,Medium,12,2024-03-01 00:00:00
TRF_00340,RID_017,High,66,2024-02-02 00:00:00
TRF_00341,RID_018,Medium,12,2024-01-10 00:00:00
TRF_00342,RID_018,Medium,29,2024-01-19 00:00:00
TRF_00343,RID_018,High,77,2024-03-10 00:00:00
TRF_00344,RID_018,Low,10,2024-02-09 00:00:00
TRF_00345,RID_018,High,45,2024-03-16 00:00:00
TRF_00346,RID_018,Medium,30,2024-03-24 00:00:00
TRF_00347,RID_018,High,42,2024-03-14 00:00:00
TRF_00348,RID_018,High,118,2024-02-14 00:00:00
TRF_00349,RID_018,Low,2,2024-02-03 00:00:00
TRF_00350,RID_018,Medium,10,2024-01-28 00:00:00
TRF_00351,RID_018,Medium,31,2024-01-26 00:00:00
TRF_00352,RID_018,High,44,2024-03-19 00:00:00
TRF_00353,RID_018,Low,7,2024-02-06 00:00:00
TRF_00354,RID_018,High,98,2024-01-19 00:00:00
TRF_00355,RID_018,Low,7,2024-03-25 00:00:00
TRF_00356,RID_018,Medium,13,2024-02-21 00:00:00
TRF_00357,RID_018,High,72,2024-01-23 00:00:00
TRF_00358,RID_018,Medium,19,2024-02-14 00:00:00
TRF_00359,RID_018,Low,10,2024-03-08 00:00:00
TRF_00360,RID_018,Medium,21,2024-01-07 00:00:00
TRF_00361,RID_019,Low,2,2024-02-04 00:00:00
TRF_00362,RID_019,High,84,2024-02-25 00:00:00
TRF_00363,RID_019,High,85,2024-01-29 00:00:00
TRF_00364,RID_019,Medium,38,2024-03-05 00:00:00
TRF_00365,RID_019,High,79,2024-01-10 00:00:00
TRF_00366,RID_019,Medium,11,2024-02-25 00:00:00
TRF_00367,RID_019,Medium,40,2024-02-27 00:00:00
TRF_00368,RID_019,High,117,2024-03-18 00:00:00
TRF_00369,RID_019,Low,9,2024-02-13 00:00:00
TRF_00370,RID_019,High,91,2024-01-28 00:00:00
TRF_00371,RID_019,High,40,2024-02-25 00:00:00
TRF_00372,RID_019,Low,3,2024-02-17 00:00:00
TRF_00373,RID_019,Low,10,2024-01-14 00:00:00
TRF_00374,RID_019,Medium,14,2024-01-10 00:00:00
TRF_00375,RID_019,Medium,22,2024-01-04 00:00:00
TRF_00376,RID_019,Medium,28,2024-03-06 00:00:00
TRF_00377,RID_019,Medium,39,2024-02-03 00:00:00
TRF_00378,RID_019,High,93,2024-03-04 00:00:00
TRF_00379,RID_019,High,59,2024-01-18 00:00:00
TRF_00380,RID_019,High,77,2024-02-29 00:00:00
TRF_00381,RID_020,Medium,10,2024-02-01 00:00:00
TRF_00382,RID_020,High,69,2024-03-28 00:00:00
TRF_00383,RID_020,Low,5,2024-03-28 00:00:00
TRF_00384,RID_020,Medium,15,2024-03-24 00:00:00
TRF_00385,RID_020,Medium,39,2024-03-21 00:00:00
TRF_00386,RID_020,Low,5,2024-02-26 00:00:00
TRF_00387,RID_020,High,97,2024-03-05 00:00:00
TRF_00388,RID_020,Low,7,2024-03-22 00:00:00
TRF_00389,RID_020,Medium,11,2024-01-12 00:00:00
TRF_00390,RID_020,Low,4,2024-03-20 00:00:00
TRF_00391,RID_020,High,71,2024-01-26 00:00:00
TRF_00392,RID_020,High,44,2024-03-08 00:00:00
TRF_00393,RID_020,High,111,2024-02-27 00:00:00
TRF_00394,RID_020,Medium,38,2024-01-07 00:00:00
TRF_00395,RID_020,Medium,32,2024-01-17 00:00:00
TRF_00396,RID_020,Medium,37,2024-02-01 00:00:00
TRF_00397,RID_020,High,43,2024-01-21 00:00:00
TRF_00398,RID_020,Medium,40,2024-02-25 00:00:00
TRF_00399,RID_020,High,74,2024-03-08 00:00:00
TRF_00400,RID_020,High,88,2024-03-13 00:00:00
TRF_00401,RID_021,High,108,2024-02-28 00:00:00
TRF_00402,RID_021,Medium,21,2024-02-22 00:00:00
TRF_00403,RID_021,High,85,2024-03-26 00:00:00
TRF_00404,RID_021,Low,1,2024-01-30 00:00:00
TRF_00405,RID_021,Low,10,2024-03-24 00:00:00
TRF_00406,RID_021,Medium,18,2024-03-29 00:00:00
TRF_00407,RID_021,High,61,2024-02-29 00:00:00
TRF_00408,RID_021,Medium,15,2024-02-29 00:00:00
TRF_00409,RID_021,Low,2,2024-02-10 00:00:00
TRF_00410,RID_021,Medium,15,2024-02-02 00:00:00
TRF_00411,RID_021,Low,2,2024-01-09 00:00:00
TRF_00412,RID_021,Low,3,2024-01-13 00:00:00
TRF_00413,RID_021,Medium,15,2024-03-05 00:00:00
TRF_00414,RID_021,Medium,17,2024-03-21 00:00:00
TRF_00415,RID_021,Medium,22,2024-01-29 00:00:00
TRF_00416,RID_021,Low,0,2024-01-17 00:00:00
TRF_00417,RID_021,High,80,2024-01-22 00:00:00
TRF_00418,RID_021,Medium,30,2024-02-06 00:00:00
TRF_00419,RID_021,Low,7,2024-03-14 00:00:00
TRF_00420,RID_021,Medium,33,2024-03-21 00:00:00
TRF_00421,RID_022,High,96,2024-01-24 00:00:00
TRF_00422,RID_022,Medium,37,2024-03-17 00:00:00
TRF_00423,RID_022,High,111,2024-02-05 00:00:00
TRF_00424,RID_022,High,46,2024-01-01 00:00:00
TRF_00425,RID_022,High,74,2024-02-18 00:00:00
TRF_00426,RID_022,Medium,17,2024-03-01 00:00:00
TRF_00427,RID_022,Medium,14,2024-02-16 00:00:00
TRF_00428,RID_022,Medium,11,2024-02-19 00:00:00
TRF_00429,RID_022,High,90,2024-03-06 00:00:00
TRF_00430,RID_022,High,78,2024-01-17 00:00:00
TRF_00431,RID_022,Low,5,2024-01-03 00:00:00
TRF_00432,RID_022,Medium,34,2024-01-20 00:00:00
TRF_00433,RID_022,Medium,37,2024-01-16 00:00:00
TRF_00434,RID_022,Medium,10,2024-02-04 00:00:00
TRF_00435,RID_022,Medium,19,2024-03-09 00:00:00
TRF_00436,RID_022,Medium,23,2024-01-19 00:00:00
TRF_00437,RID_022,Low,4,2024-01-17 00:00:00
TRF_00438,RID_022,High,81,2024-02-10 00:00:00
TRF_00439,RID_022,Low,10,2024-01-05 00:00:00
TRF_00440,RID_022,High,52,2024-03-27 00:00:00
TRF_00441,RID_023,Medium,40,2024-02-17 00:00:00
TRF_00442,RID_023,High,106,2024-01-22 00:00:00
TRF_00443,RID_023,High,102,2024-02-20 00:00:00
TRF_00444,RID_023,High,78,2024-03-11 00:00:00
TRF_00445,RID_023,Low,0,2024-03-12 00:00:00
TRF_00446,RID_023,Low,6,2024-01-04 00:00:00
TRF_00447,RID_023,Low,4,2024-03-27 00:00:00
TRF_00448,RID_023,Low,1,2024-03-05 00:00:00
TRF_00449,RID_023,Low,1,2024-03-30 00:00:00
TRF_00450,RID_023,Low,0,2024-02-03 00:00:00
TRF_00451,RID_023,Medium,22,2024-01-23 00:00:00
TRF_00452,RID_023,Medium,31,2024-02-22 00:00:00
TRF_00453,RID_023,Low,2,2024-03-22 00:00:00
TRF_00454,RID_023,Medium,35,2024-01-30 00:00:00
TRF_00455,RID_023,High,84,2024-03-18 00:00:00
TRF_00456,RID_023,High,114,2024-01-13 00:00:00
TRF_00457,RID_023,Medium,24,2024-01-22 00:00:00
TRF_00458,RID_023,Medium,27,2024-02-26 00:00:00
TRF_00459,RID_023,Medium,37,2024-03-10 00:00:00
TRF_00460,RID_023,Low,1,2024-02-07 00:00:00
TRF_00461,RID_024,Medium,32,2024-01-26 00:00:00
TRF_00462,RID_024,Low,6,2024-03-14 00:00:00
TRF_00463,RID_024,Medium,22,2024-03-18 00:00:00
TRF_00464,RID_024,Low,9,2024-02-29 00:00:00
TRF_00465,RID_024,Medium,14,2024-01-15 00:00:00
TRF_00466,RID_024,High,40,2024-03-24 00:00:00
TRF_00467,RID_024,Medium,22,2024-02-03 00:00:00
TRF_00468,RID_024,Medium,30,2024-01-14 00:00:00
TRF_00469,RID_024,Medium,35,2024-02-06 00:00:00
TRF_00470,RID_024,Medium,35,2024-03-28 00:00:00
TRF_00471,RID_024,Medium,19,2024-03-31 00:00:00
TRF_00472,RID_024,Low,2,2024-01-12 00:00:00
TRF_00473,RID_024,High,43,2024-03-04 00:00:00
TRF_00474,RID_024,High,58,2024-01-19 00:00:00
TRF_00475,RID_024,High,65,2024-03-12 00:00:00
TRF_00476,RID_024,Low,5,2024-01-31 00:00:00
TRF_00477,RID_024,High,51,2024-01-04 00:00:00
TRF_00478,RID_024,High,72,2024-01-19 00:00:00
TRF_00479,RID_024,Low,0,2024-03-28 00:00:00
TRF_00480,RID_024,Low,8,2024-01-30 00:00:00
TRF_00481,RID_025,Medium,10,2024-01-01 00:00:00
TRF_00482,RID_025,Low,7,2024-02-23 00:00:00
TRF_00483,RID_025,Medium,11,2024-02-12 00:00:00
TRF_00484,RID_025,High,112,2024-02-15 00:00:00
TRF_00485,RID_025,High,78,2024-01-01 00:00:00
TRF_00486,RID_025,Medium,11,2024-03-11 00:00:00
TRF_00487,RID_025,High,65,2024-03-10 00:00:00
TRF_00488,RID_025,High,86,2024-03-22 00:00:00
TRF_00489,RID_025,Medium,40,2024-02-29 00:00:00
TRF_00490,RID_025,Medium,22,2024-03-10 00:00:00
TRF_00491,RID_025,High,119,2024-01-24 00:00:00
TRF_00492,RID_025,High,58,2024-03-25 00:00:00
TRF_00493,RID_025,High,92,2024-01-21 00:00:00
TRF_00494,RID_025,Low,9,2024-03-04 00:00:00
TRF_00495,RID_025,Medium,16,2024-03-11 00:00:00
TRF_00496,RID_025,High,54,2024-01-24 00:00:00
TRF_00497,RID_025,Low,3,2024-02-24 00:00:00
TRF_00498,RID_025,Low,3,2024-03-28 00:00:00
TRF_00499,RID_025,Low,4,2024-01-19 00:00:00
TRF_00500,RID_025,Medium,19,2024-03-26 00:00:00
TRF_00501,RID_026,High,42,2024-01-18 00:00:00
TRF_00502,RID_026,Medium,39,2024-03-21 00:00:00
TRF_00503,RID_026,High,95,2024-03-05 00:00:00
TRF_00504,RID_026,Low,10,2024-01-14 00:00:00
TRF_00505,RID_026,Low,1,2024-02-15 00:00:00
TRF_00506,RID_026,Low,4,2024-02-22 00:00:00
TRF_00507,RID_026,Low,2,2024-01-13 00:00:00
TRF_00508,RID_026,Low,1,2024-03-21 00:00:00
TRF_00509,RID_026,Low,6,2024-03-31 00:00:00
TRF_00510,RID_026,High,81,2024-03-10 00:00:00
TRF_00511,RID_026,Medium,25,2024-01-25 00:00:00
TRF_00512,RID_026,Low,7,2024-02-16 00:00:00
TRF_00513,RID_026,Low,2,2024-03-27 00:00:00
TRF_00514,RID_026,Medium,38,2024-01-23 00:00:00
TRF_00515,RID_026,High,109,2024-01-09 00:00:00
TRF_00516,RID_026,High,72,2024-02-21 00:00:00
TRF_00517,RID_026,Medium,28,2024-01-11 00:00:00
TRF_00518,RID_026,Medium,21,2024-02-11 00:00:00
TRF_00519,RID_026,Medium,23,2024-02-04 00:00:00
TRF_00520,RID_026,Medium,25,2024-03-24 00:00:00
TRF_00521,RID_027,Low,9,2024-03-23 00:00:00
TRF_00522,RID_027,Medium,26,2024-03-12 00:00:00
TRF_00523,RID_027,High,52,2024-01-03 00:00:00
TRF_00524,RID_027,Medium,40,2024-01-12 00:00:00
TRF_00525,RID_027,Low,8,2024-02-23 00:00:00
TRF_00526,RID_027,High,84,2024-03-28 00:00:00
TRF_00527,RID_027,Medium,30,2024-02-03 00:00:00
TRF_00528,RID_027,High,101,2024-03-16 00:00:00
TRF_00529,RID_027,Medium,17,2024-03-11 00:00:00
TRF_00530,RID_027,Medium,12,2024-01-29 00:00:00
TRF_00531,RID_027,High,79,2024-01-17 00:00:00
TRF_00532,RID_027,Low,7,2024-03-14 00:00:00
TRF_00533,RID_027,High,88,2024-01-03 00:00:00
TRF_00534,RID_027,Medium,32,2024-03-25 00:00:00
TRF_00535,RID_027,High,106,2024-01-11 00:00:00
TRF_00536,RID_027,Medium,34,2024-03-21 00:00:00
TRF_00537,RID_027,Medium,18,2024-02-16 00:00:00
TRF_00538,RID_027,Low,10,2024-01-28 00:00:00
TRF_00539,RID_027,Low,7,2024-01-14 00:00:00
TRF_00540,RID_027,Low,1,2024-01-16 00:00:00
TRF_00541,RID_028,High,59,2024-01-21 00:00:00
TRF_00542,RID_028,High,51,2024-02-24 00:00:00
TRF_00543,RID_028,High,70,2024-01-21 00:00:00
TRF_00544,RID_028,Low,7,2024-02-27 00:00:00
TRF_00545,RID_028,Medium,24,2024-02-08 00:00:00
TRF_00546,RID_028,Low,0,2024-01-21 00:00:00
TRF_00547,RID_028,Low,3,2024-02-12 00:00:00
TRF_00548,RID_028,Low,2,2024-01-21 00:00:00
TRF_00549,RID_028,Low,9,2024-02-14 00:00:00
TRF_00550,RID_028,Medium,26,2024-03-23 00:00:00
TRF_00551,RID_028,Low,1,2024-02-11 00:00:00
TRF_00552,RID_028,High,115,2024-02-10 00:00:00
TRF_00553,RID_028,Medium,19,2024-03-04 00:00:00
TRF_00554,RID_028,Low,6,2024-01-21 00:00:00
TRF_00555,RID_028,Low,1,2024-01-22 00:00:00
TRF_00556,RID_028,High,74,2024-02-24 00:00:00
TRF_00557,RID_028,Low,6,2024-02-18 00:00:00
TRF_00558,RID_028,Low,5,2024-01-12 00:00:00
TRF_00559,RID_028,Low,4,2024-01-04 00:00:00
TRF_00560,RID_028,Medium,30,2024-02-05 00:00:00
TRF_00561,RID_029,Low,1,2024-03-22 00:00:00
TRF_00562,RID_029,Medium,28,2024-02-11 00:00:00
TRF_00563,RID_029,High,42,2024-02-03 00:00:00
TRF_00564,RID_029,Low,9,2024-02-17 00:00:00
TRF_00565,RID_029,High,46,2024-01-13 00:00:00
TRF_00566,RID_029,Medium,32,2024-03-07 00:00:00
TRF_00567,RID_029,High,109,2024-02-18 00:00:00
TRF_00568,RID_029,Low,7,2024-03-21 00:00:00
TRF_00569,RID_029,Medium,12,2024-03-06 00:00:00
TRF_00570,RID_029,Low,4,2024-02-22 00:00:00
TRF_00571,RID_029,High,49,2024-01-20 00:00:00
TRF_00572,RID_029,Medium,33,2024-02-18 00:00:00
TRF_00573,RID_029,Low,3,2024-02-03 00:00:00
TRF_00574,RID_029,High,59,2024-03-11 00:00:00
TRF_00575,RID_029,Low,5,2024-02-16 00:00:00
TRF_00576,RID_029,Medium,36,2024-03-16 00:00:00
TRF_00577,RID_029,High,45,2024-03-01 00:00:00
TRF_00578,RID_029,Medium,13,2024-02-19 00:00:00
TRF_00579,RID_029,Low,2,2024-01-06 00:00:00
TRF_00580,RID_029,Low,3,2024-01-12 00:00:00
TRF_00581,RID_030,Medium,32,2024-02-03 00:00:00
TRF_00582,RID_030,Low,10,2024-03-14 00:00:00
TRF_00583,RID_030,Low,1,2024-02-23 00:00:00
TRF_00584,RID_030,Medium,29,2024-02-22 00:00:00
TRF_00585,RID_030,High,42,2024-02-23 00:00:00
TRF_00586,RID_030,Low,7,2024-02-26 00:00:00
TRF_00587,RID_030,High,49,2024-01-10 00:00:00
TRF_00588,RID_030,Low,9,2024-03-07 00:00:00
TRF_00589,RID_030,Low,7,2024-02-23 00:00:00
TRF_00590,RID_030,High,72,2024-03-19 00:00:00
TRF_00591,RID_030,Medium,27,2024-01-09 00:00:00
TRF_00592,RID_030,Low,8,2024-01-17 00:00:00
TRF_00593,RID_030,Medium,40,2024-03-14 00:00:00
TRF_00594,RID_030,Low,8,2024-01-08 00:00:00
TRF_00595,RID_030,High,59,2024-02-06 00:00:00
TRF_00596,RID_030,High,69,2024-01-29 00:00:00
TRF_00597,RID_030,High,119,2024-01-15 00:00:00
TRF_00598,RID_030,Medium,33,2024-02-20 00:00:00
TRF_00599,RID_030,Medium,29,2024-03-19 00:00:00
TRF_00600,RID_030,High,67,2024-03-16 00:00:00
TRF_00601,RID_031,Low,3,2024-01-23 00:00:00
TRF_00602,RID_031,High,104,2024-03-31 00:00:00
TRF_00603,RID_031,Low,1,2024-01-08 00:00:00
TRF_00604,RID_031,Medium,25,2024-01-20 00:00:00
TRF_00605,RID_031,High,58,2024-02-18 00:00:00
TRF_00606,RID_031,High,81,2024-01-16 00:00:00
TRF_00607,RID_031,High,61,2024-02-10 00:00:00
TRF_00608,RID_031,High,94,2024-01-25 00:00:00
TRF_00609,RID_031,Medium,37,2024-01-20 00:00:00
TRF_00610,RID_031,Low,2,2024-02-03 00:00:00
TRF_00611,RID_031,Medium,13,2024-02-15 00:00:00
TRF_00612,RID_031,Medium,12,2024-01-02 00:00:00
TRF_00613,RID_031,High,103,2024-03-08 00:00:00
TRF_00614,RID_031,Medium,22,2024-01-05 00:00:00
TRF_00615,RID_031,High,42,2024-03-08 00:00:00
TRF_00616,RID_031,High,70,2024-03-27 00:00:00
TRF_00617,RID_031,Medium,16,2024-01-30 00:00:00
TRF_00618,RID_031,High,77,2024-02-19 00:00:00
TRF_00619,RID_031,Medium,35,2024-03-19 00:00:00
TRF_00620,RID_031,Low,0,2024-01-04 00:00:00
TRF_00621,RID_032,High,99,2024-03-13 00:00:00
TRF_00622,RID_032,High,44,2024-03-30 00:00:00
TRF_00623,RID_032,Low,0,2024-01-08 00:00:00
TRF_00624,RID_032,Medium,21,2024-03-16 00:00:00
TRF_00625,RID_032,Medium,21,2024-03-24 00:00:00
TRF_00626,RID_032,High,75,2024-01-11 00:00:00
TRF_00627,RID_032,Medium,26,2024-03-13 00:00:00
TRF_00628,RID_032,Low,8,2024-01-05 00:00:00
TRF_00629,RID_032,Medium,32,2024-01-13 00:00:00
TRF_00630,RID_032,Medium,36,2024-02-03 00:00:00
TRF_00631,RID_032,Low,3,2024-01-02 00:00:00
TRF_00632,RID_032,Low,10,2024-01-22 00:00:00
TRF_00633,RID_032,Low,7,2024-01-25 00:00:00
TRF_00634,RID_032,Low,5,2024-02-10 00:00:00
TRF_00635,RID_032,Medium,26,2024-01-29 00:00:00
TRF_00636,RID_032,High,57,2024-02-18 00:00:00
TRF_00637,RID_032,High,85,2024-02-28 00:00:00
TRF_00638,RID_032,High,40,2024-01-29 00:00:00
TRF_00639,RID_032,Medium,28,2024-01-02 00:00:00
TRF_00640,RID_032,High,91,2024-01-04 00:00:00
TRF_00641,RID_033,Low,3,2024-01-29 00:00:00
TRF_00642,RID_033,Low,5,2024-01-05 00:00:00
TRF_00643,RID_033,Medium,19,2024-02-08 00:00:00
TRF_00644,RID_033,High,115,2024-02-07 00:00:00
TRF_00645,RID_033,Medium,10,2024-02-07 00:00:00
TRF_00646,RID_033,High,67,2024-01-22 00:00:00
TRF_00647,RID_033,Low,5,2024-03-02 00:00:00
TRF_00648,RID_033,High,75,2024-03-20 00:00:00
TRF_00649,RID_033,Medium,29,2024-03-13 00:00:00
TRF_00650,RID_033,High,92,2024-01-16 00:00:00
TRF_00651,RID_033,High,102,2024-01-06 00:00:00
TRF_00652,RID_033,High,84,2024-03-05 00:00:00
TRF_00653,RID_033,Medium,32,2024-03-07 00:00:00
TRF_00654,RID_033,High,107,2024-01-16 00:00:00
TRF_00655,RID_033,Low,2,2024-02-06 00:00:00
TRF_00656,RID_033,High,75,2024-01-23 00:00:00
TRF_00657,RID_033,High,92,2024-01-20 00:00:00
TRF_00658,RID_033,High,99,2024-02-25 00:00:00
TRF_00659,RID_033,Medium,32,2024-01-18 00:00:00
TRF_00660,RID_033,Low,7,2024-01-27 00:00:00
TRF_00661,RID_034,Medium,28,2024-01-30 00:00:00
TRF_00662,RID_034,High,103,2024-02-18 00:00:00
TRF_00663,RID_034,Low,10,2024-02-14 00:00:00
TRF_00664,RID_034,Low,2,2024-02-02 00:00:00
TRF_00665,RID_034,High,44,2024-03-17 00:00:00
TRF_00666,RID_034,Medium,18,2024-03-07 00:00:00
TRF_00667,RID_034,Medium,32,2024-01-28 00:00:00
TRF_00668,RID_034,Low,7,2024-02-29 00:00:00
TRF_00669,RID_034,High,114,2024-03-23 00:00:00
TRF_00670,RID_034,Low,7,2024-02-29 00:00:00
TRF_00671,RID_034,High,104,2024-01-08 00:00:00
TRF_00672,RID_034,High,77,2024-01-18 00:00:00
TRF_00673,RID_034,High,56,2024-01-24 00:00:00
TRF_00674,RID_034,Low,1,2024-01-26 00:00:00
TRF_00675,RID_034,High,74,2024-02-04 00:00:00
TRF_00676,RID_034,Medium,38,2024-01-29 00:00:00
TRF_00677,RID_034,Low,3,2024-02-20 00:00:00
TRF_00678,RID_034,Medium,32,2024-02-17 00:00:00
TRF_00679,RID_034,Medium,32,2024-01-26 00:00:00
TRF_00680,RID_034,Low,0,2024-03-10 00:00:00
TRF_00681,RID_035,Low,9,2024-01-31 00:00:00
TRF_00682,RID_035,Low,0,2024-03-11 00:00:00
TRF_00683,RID_035,Low,7,2024-01-29 00:00:00
TRF_00684,RID_035,Low,1,2024-01-11 00:00:00
TRF_00685,RID_035,Low,6,2024-02-21 00:00:00
TRF_00686,RID_035,Low,0,2024-02-05 00:00:00
TRF_00687,RID_035,Medium,36,2024-01-15 00:00:00
TRF_00688,RID_035,Low,3,2024-02-16 00:00:00
TRF_00689,RID_035,Medium,11,2024-03-21 00:00:00
TRF_00690,RID_035,High,41,2024-01-29 00:00:00
TRF_00691,RID_035,High,100,2024-01-08 00:00:00
TRF_00692,RID_035,Low,3,2024-02-18 00:00:00
TRF_00693,RID_035,High,94,2024-03-29 00:00:00
TRF_00694,RID_035,High,97,2024-03-11 00:00:00
TRF_00695,RID_035,Medium,28,2024-02-09 00:00:00
TRF_00696,RID_035,Low,7,2024-03-28 00:00:00
TRF_00697,RID_035,Medium,19,2024-03-14 00:00:00
TRF_00698,RID_035,High,51,2024-01-10 00:00:00
TRF_00699,RID_035,Medium,23,2024-03-10 00:00:00
TRF_00700,RID_035,Medium,18,2024-01-21 00:00:00
TRF_00701,RID_036,High,44,2024-03-18 00:00:00
TRF_00702,RID_036,Low,1,2024-02-12 00:00:00
TRF_00703,RID_036,High,118,2024-03-24 00:00:00
TRF_00704,RID_036,High,84,2024-01-03 00:00:00
TRF_00705,RID_036,High,44,2024-03-08 00:00:00
TRF_00706,RID_036,High,117,2024-02-17 00:00:00
TRF_00707,RID_036,Low,0,2024-01-01 00:00:00
TRF_00708,RID_036,High,55,2024-01-08 00:00:00
TRF_00709,RID_036,Low,1,2024-03-06 00:00:00
TRF_00710,RID_036,Low,5,2024-03-18 00:00:00
TRF_00711,RID_036,Medium,15,2024-03-23 00:00:00
TRF_00712,RID_036,High,63,2024-01-17 00:00:00
TRF_00713,RID_036,Low,8,2024-02-22 00:00:00
TRF_00714,RID_036,Medium,32,2024-01-03 00:00:00
TRF_00715,RID_036,High,74,2024-03-16 00:00:00
TRF_00716,RID_036,High,86,2024-03-24 00:00:00
TRF_00717,RID_036,High,52,2024-02-18 00:00:00
TRF_00718,RID_036,High,72,2024-02-27 00:00:00
TRF_00719,RID_036,Medium,29,2024-03-21 00:00:00
TRF_00720,RID_036,Low,6,2024-01-30 00:00:00
TRF_00721,RID_037,High,54,2024-01-03 00:00:00
TRF_00722,RID_037,High,46,2024-01-11 00:00:00
TRF_00723,RID_037,Medium,20,2024-02-15 00:00:00
TRF_00724,RID_037,Medium,18,2024-01-18 00:00:00
TRF_00725,RID_037,High,70,2024-03-16 00:00:00
TRF_00726,RID_037,Medium,24,2024-01-28 00:00:00
TRF_00727,RID_037,Low,6,2024-01-18 00:00:00
TRF_00728,RID_037,Low,3,2024-01-10 00:00:00
TRF_00729,RID_037,Medium,26,2024-02-29 00:00:00
TRF_00730,RID_037,Medium,14,2024-02-09 00:00:00
TRF_00731,RID_037,Low,0,2024-03-14 00:00:00
TRF_00732,RID_037,High,120,2024-01-31 00:00:00
TRF_00733,RID_037,Low,4,2024-02-09 00:00:00
TRF_00734,RID_037,High,92,2024-03-29 00:00:00
TRF_00735,RID_037,Low,1,2024-01-26 00:00:00
TRF_00736,RID_037,Medium,17,2024-03-31 00:00:00
TRF_00737,RID_037,Low,1,2024-02-01 00:00:00
TRF_00738,RID_037,High,95,2024-02-06 00:00:00
TRF_00739,RID_037,Medium,39,2024-02-18 00:00:00
TRF_00740,RID_037,Medium,37,2024-02-29 00:00:00
TRF_00741,RID_038,Low,1,2024-02-13 00:00:00
TRF_00742,RID_038,Low,1,2024-03-02 00:00:00
TRF_00743,RID_038,Medium,31,2024-01-05 00:00:00
TRF_00744,RID_038,High,68,2024-03-29 00:00:00
TRF_00745,RID_038,Medium,39,2024-03-27 00:00:00
TRF_00746,RID_038,Medium,15,2024-03-14 00:00:00
TRF_00747,RID_038,High,51,2024-03-28 00:00:00
TRF_00748,RID_038,Low,10,2024-03-20 00:00:00
TRF_00749,RID_038,High,57,2024-03-13 00:00:00
TRF_00750,RID_038,High,118,2024-02-25 00:00:00
TRF_00751,RID_038,Low,2,2024-01-03 00:00:00
TRF_00752,RID_038,Medium,32,2024-01-25 00:00:00
TRF_00753,RID_038,Low,1,2024-03-09 00:00:00
TRF_00754,RID_038,High,50,2024-01-23 00:00:00
TRF_00755,RID_038,Low,8,2024-01-16 00:00:00
TRF_00756,RID_038,Medium,10,2024-02-22 00:00:00
TRF_00757,RID_038,Medium,29,2024-01-24 00:00:00
TRF_00758,RID_038,Low,6,2024-03-18 00:00:00
TRF_00759,RID_038,High,93,2024-02-04 00:00:00
TRF_00760,RID_038,High,45,2024-03-06 00:00:00
TRF_00761,RID_039,Medium,17,2024-03-03 00:00:00
TRF_00762,RID_039,Medium,12,2024-02-05 00:00:00
TRF_00763,RID_039,Medium,24,2024-03-14 00:00:00
TRF_00764,RID_039,High,91,2024-03-15 00:00:00
TRF_00765,RID_039,Low,1,2024-03-03 00:00:00
TRF_00766,RID_039,Medium,35,2024-01-24 00:00:00
TRF_00767,RID_039,High,112,2024-03-27 00:00:00
TRF_00768,RID_039,Medium,25,2024-01-26 00:00:00
TRF_00769,RID_039,High,83,2024-01-19 00:00:00
TRF_00770,RID_039,High,42,2024-03-16 00:00:00
TRF_00771,RID_039,Low,3,2024-01-15 00:00:00
TRF_00772,RID_039,Medium,38,2024-03-19 00:00:00
TRF_00773,RID_039,Low,7,2024-01-28 00:00:00
TRF_00774,RID_039,High,79,2024-01-12 00:00:00
TRF_00775,RID_039,High,61,2024-03-01 00:00:00
TRF_00776,RID_039,Medium,40,2024-03-10 00:00:00
TRF_00777,RID_039,Medium,10,2024-03-17 00:00:00
TRF_00778,RID_039,Medium,30,2024-01-01 00:00:00
TRF_00779,RID_039,High,117,2024-02-23 00:00:00
TRF_00780,RID_039,Medium,33,2024-03-23 00:00:00
TRF_00781,RID_040,Low,2,2024-02-21 00:00:00
TRF_00782,RID_040,Low,2,2024-01-13 00:00:00
TRF_00783,RID_040,Low,6,2024-03-04 00:00:00
TRF_00784,RID_040,Low,7,2024-02-05 00:00:00
TRF_00785,RID_040,Medium,24,2024-02-23 00:00:00
TRF_00786,RID_040,High,94,2024-01-12 00:00:00
TRF_00787,RID_040,High,59,2024-01-23 00:00:00
TRF_00788,RID_040,Low,5,2024-01-23 00:00:00
TRF_00789,RID_040,High,105,2024-01-31 00:00:00
TRF_00790,RID_040,Medium,11,2024-03-26 00:00:00
TRF_00791,RID_040,High,72,2024-01-28 00:00:00
TRF_00792,RID_040,High,46,2024-02-06 00:00:00
TRF_00793,RID_040,High,44,2024-01-07 00:00:00
TRF_00794,RID_040,Medium,17,2024-02-27 00:00:00
TRF_00795,RID_040,Low,6,2024-02-12 00:00:00
TRF_00796,RID_040,Low,6,2024-02-16 00:00:00
TRF_00797,RID_040,Low,10,2024-03-16 00:00:00
TRF_00798,RID_040,Medium,14,2024-02-12 00:00:00
TRF_00799,RID_040,High,73,2024-03-03 00:00:00
TRF_00800,RID_040,High,58,2024-03-21 00:00:00
