trip_cost_id,trip_id,predicted_cost,actual_cost,revenue,profit
TCID_00001,TID_0001,19584.8,20795.59,26609.64,5814.05
TCID_00002,TID_0002,23811.66,21642.54,29032.89,7390.35
TCID_00003,TID_0003,-10181.54,-10899.91,-13643.21,-2743.31
TCID_00004,TID_0004,104659.65,109529.77,135221.33,25691.56
TCID_00005,TID_0005,92074.13,99373.69,112087.14,12713.45
TCID_00006,TID_0006,62931.91,58252.88,80788.15,22535.26
TCID_00007,TID_0007,61737.21,59246.85,83133.37,23886.52
TCID_00008,TID_0008,52761.56,49613.96,64258.59,14644.62
TCID_00009,TID_0009,80764.8,75302.76,105306.32,30003.56
TCID_00010,TID_0010,67935.46,73494.14,84529.48,11035.34
TCID_00011,TID_0011,94850.71,97698.66,126816.52,29117.86
TCID_00012,TID_0012,26398.54,25479.68,32598.11,7118.43
TCID_00013,TID_0013,60713.36,58750.24,80212.59,21462.35
TCID_00014,TID_0014,36195.45,35362.82,51094.68,15731.86
TCID_00015,TID_0015,27205.18,29050.04,37170.74,8120.7
TCID_00016,TID_0016,64662.96,63945.44,78846.65,14901.21
TCID_00017,TID_0017,50135.31,45421.17,66146.3,20725.13
TCID_00018,TID_0018,74644.5,68053.41,105457.54,37404.12
TCID_00019,TID_0019,-21714.48,-21944.35,-26786.1,-4841.75
TCID_00020,TID_0020,38212.79,38286.2,50104.69,11818.49
TCID_00021,TID_0021,93906.29,101935.72,130720.69,28784.97
TCID_00022,TID_0022,76287.43,83701.02,96259.68,12558.66
TCID_00023,TID_0023,31788.69,30163.15,39736.45,9573.3
TCID_00024,TID_0024,51676.31,46567.93,60927.25,14359.32
TCID_00025,TID_0025,24343.26,25567.75,29976.98,4409.24
TCID_00026,TID_0026,36822.5,37237.6,45538.82,8301.23
TCID_00027,TID_0027,32725.29,31488.05,41180.11,9692.06
TCID_00028,TID_0028,105699.45,101547.38,137231.94,35684.56
TCID_00029,TID_0029,-29061.87,-26160.09,-36676.79,-10516.69
TCID_00030,TID_0030,34603.48,33526.72,49279.84,15753.11
TCID_00031,TID_0031,39077.69,36893.48,47303.1,10409.62
TCID_00032,TID_0032,32917.61,35615.13,44018.45,8403.32
TCID_00033,TID_0033,81298.05,79328.32,101701.21,22372.88
TCID_00034,TID_0034,66724.55,73008.05,84930.55,11922.5
TCID_00035,TID_0035,83679.12,79960.7,115082.12,35121.42
TCID_00036,TID_0036,86663.71,88661.08,103948.85,15287.77
TCID_00037,TID_0037,73962.56,68009.8,103426.42,35416.62
TCID_00038,TID_0038,-29826.24,-32116.05,-42220.62,-10104.57
TCID_00039,TID_0039,78391.36,71888.47,93215.77,21327.3
TCID_00040,TID_0040,75319.52,74922.4,92284.26,17361.87
TCID_00041,TID_0041,36538.92,36438.92,49270.02,12831.1
TCID_00042,TID_0042,42826.05,39743.26,57153.29,17410.04
TCID_00043,TID_0043,27071.67,25446.66,32401.33,6954.66
TCID_00044,TID_0044,43738.94,43288.41,52500.71,9212.3
TCID_00045,TID_0045,78347.11,72813.3,102699.82,29886.52
TCID_00046,TID_0046,63856.86,60864.61,79183.62,18319.01
TCID_00047,TID_0047,20391.31,22305.01,28638.94,6333.94
TCID_00048,TID_0048,52253.88,53693.94,66452.21,12758.28
TCID_00049,TID_0049,23755.87,22263.71,28262.19,5998.49
TCID_00050,TID_0050,47514.01,48531.75,67148.83,18617.07
TCID_00051,TID_0051,40486.96,37854.97,55158.72,17303.75
TCID_00052,TID_0052,43554.11,45310.32,61343.99,16033.67
TCID_00053,TID_0053,95668.17,86862.57,134230.81,47368.24
TCID_00054,TID_0054,21811.46,22508.09,25831.5,3323.42
TCID_00055,TID_0055,44266.95,43760.75,62886.47,19125.72
TCID_00056,TID_0056,62918.38,67130.94,86814.21,19683.28
TCID_00057,TID_0057,59798.67,65340.32,70679.6,5339.28
TCID_00058,TID_0058,24604.04,22437.01,32597.92,10160.91
TCID_00059,TID_0059,42868.03,40322.84,59839.17,19516.33
TCID_00060,TID_0061,31006.17,30289.85,40122.13,9832.28
TCID_00061,TID_0062,33325.85,30163.86,42746.86,12583.01
TCID_00062,TID_0063,34571.03,35925.25,41210.59,5285.34
TCID_00063,TID_0064,22644.08,21398.6,30399.14,9000.54
TCID_00064,TID_0065,55853.46,53000.91,67599.45,14598.53
TCID_00065,TID_0066,-11664.89,-10687.0,-16058.74,-5371.74
TCID_00066,TID_0067,45260.96,42378.1,64391.82,22013.72
TCID_00067,TID_0068,71488.26,72706.83,95827.55,23120.71
TCID_00068,TID_0069,-9308.19,-8660.5,-12136.87,-3476.37
TCID_00069,TID_0070,-10231.86,-10181.41,-13959.63,-3778.22
TCID_00070,TID_0071,39560.69,39817.91,49391.45,9573.54
TCID_00071,TID_0072,76099.49,80515.29,99912.01,19396.72
TCID_00072,TID_0073,32565.42,30084.94,45727.24,15642.3
TCID_00073,TID_0074,40984.66,43859.59,49362.32,5502.73
TCID_00074,TID_0075,39578.69,39450.47,54444.94,14994.47
TCID_00075,TID_0076,31643.23,32359.56,44286.37,11926.8
TCID_00076,TID_0077,35521.59,32323.97,48794.76,16470.79
TCID_00077,TID_0078,30016.14,30121.67,37659.43,7537.76
TCID_00078,TID_0079,36545.69,34286.4,49281.87,14995.47
TCID_00079,TID_0080,47992.15,43476.96,61198.94,17721.98
TCID_00080,TID_0081,49999.83,50480.43,69292.48,18812.05
TCID_00081,TID_0082,59797.47,59178.96,76483.14,17304.18
TCID_00082,TID_0083,59670.0,59394.01,79871.78,20477.77
TCID_00083,TID_0084,106030.34,112787.84,140100.79,27312.95
TCID_00084,TID_0085,65907.35,65549.75,82294.25,16744.5
TCID_00085,TID_0086,60006.25,61380.28,75812.28,14432.0
TCID_00086,TID_0087,25711.61,25248.72,34424.1,9175.38
TCID_00087,TID_0088,-9799.08,-10332.97,-13830.56,-3497.6
TCID_00088,TID_0089,119420.45,126971.3,151942.4,24971.1
TCID_00089,TID_0090,24181.62,22817.91,28578.44,5760.53
TCID_00090,TID_0091,51506.17,54556.93,67320.63,12763.69
TCID_00091,TID_0092,21581.92,20710.82,28476.86,7766.03
TCID_00092,TID_0093,32645.35,35058.63,45415.69,10357.06
TCID_00093,TID_0094,122784.21,116778.15,173598.99,56820.84
TCID_00094,TID_0095,84047.01,84111.56,113853.13,29741.58
TCID_00095,TID_0096,49767.25,49715.84,66926.98,17211.13
TCID_00096,TID_0097,60107.56,62867.43,73152.94,10285.51
TCID_00097,TID_0098,37983.44,34831.96,45708.57,10876.61
TCID_00098,TID_0099,81055.19,86214.5,98141.29,11926.78
TCID_00099,TID_0100,51543.13,55024.76,64033.43,9008.67
TCID_00100,TID_0102,105354.65,97357.0,124600.15,27243.16
TCID_00101,TID_0103,-13515.61,-14379.83,-16426.23,-2046.4
TCID_00102,TID_0104,27725.14,29416.94,32665.06,3248.12
TCID_00103,TID_0105,97656.6,96583.12,120260.84,23677.72
TCID_00104,TID_0106,57310.52,53802.67,79963.74,26161.08
TCID_00105,TID_0107,74813.67,70018.47,93656.8,23638.34
TCID_00106,TID_0108,21672.92,23079.84,30150.52,7070.69
TCID_00107,TID_0109,52315.58,52207.95,68051.19,15843.24
TCID_00108,TID_0110,45940.03,41496.5,64065.56,22569.06
TCID_00109,TID_0111,46086.27,45330.55,65367.23,20036.67
TCID_00110,TID_0112,34371.72,35403.01,48209.38,12806.37
TCID_00111,TID_0113,43394.16,42298.73,51239.94,8941.21
TCID_00112,TID_0114,26673.49,27544.39,37521.74,9977.35
TCID_00113,TID_0115,27947.12,25761.2,32909.9,7148.7
TCID_00114,TID_0116,-28750.7,-27428.78,-38282.1,-10853.32
TCID_00115,TID_0117,24197.95,22988.84,32121.4,9132.56
TCID_00116,TID_0118,72148.86,75868.34,98177.27,22308.92
TCID_00117,TID_0119,64042.75,64304.08,76988.82,12684.74
TCID_00118,TID_0120,40263.46,38437.26,51895.97,13458.71
TCID_00119,TID_0121,79196.49,84516.41,93497.59,8981.18
TCID_00120,TID_0122,82718.3,79739.71,103557.2,23817.49
TCID_00121,TID_0123,68468.98,71078.2,86915.53,15837.33
TCID_00122,TID_0124,21318.0,19511.46,29931.07,10419.61
TCID_00123,TID_0125,51139.99,55841.57,66560.39,10718.82
TCID_00124,TID_0126,61923.49,64344.73,75261.26,10916.53
TCID_00125,TID_0127,-32285.61,-30134.1,-45190.65,-15056.56
TCID_00126,TID_0128,68264.57,67072.26,81307.93,14235.67
TCID_00127,TID_0129,83651.43,90703.78,119258.15,28554.36
TCID_00128,TID_0130,46488.28,47972.7,58998.64,11025.93
TCID_00129,TID_0131,36780.7,35853.13,51670.25,15817.12
TCID_00130,TID_0132,69047.3,73910.06,86473.03,12562.97
TCID_00131,TID_0133,70072.3,68448.23,99998.4,31550.17
TCID_00132,TID_0135,108756.41,102514.85,136824.1,34309.26
TCID_00133,TID_0136,47626.53,44464.91,66867.7,22402.79
TCID_00134,TID_0137,31162.38,31921.83,40322.46,8400.62
TCID_00135,TID_0138,58234.09,60687.22,78500.96,17813.74
TCID_00136,TID_0139,26939.15,25989.6,37223.2,11233.6
TCID_00137,TID_0140,38739.7,38830.06,47266.63,8436.56
TCID_00138,TID_0141,120048.71,112392.56,146360.89,33968.33
TCID_00139,TID_0142,81587.71,86146.37,116191.42,30045.05
TCID_00140,TID_0143,43727.89,45761.59,61092.4,15330.81
TCID_00141,TID_0144,52730.8,52751.29,72745.17,19993.88
TCID_00142,TID_0145,26887.68,27318.01,35278.84,7960.83
TCID_00143,TID_0146,61952.0,67706.77,79995.71,12288.94
TCID_00144,TID_0147,51394.65,49815.39,62917.29,13101.9
TCID_00145,TID_0148,33317.49,31158.89,44165.62,13006.73
TCID_00146,TID_0149,109883.93,102629.39,152155.15,49525.76
TCID_00147,TID_0150,78125.36,80758.98,111458.58,30699.6
TCID_00148,TID_0151,67807.63,73893.02,87055.73,13162.71
TCID_00149,TID_0152,59368.75,56890.3,80953.74,24063.44
TCID_00150,TID_0153,60880.47,61588.77,72861.61,11272.84
TCID_00151,TID_0154,94907.5,85514.88,117210.89,31696.01
TCID_00152,TID_0155,128842.25,132649.24,173587.19,40937.95
TCID_00153,TID_0156,75680.0,72681.81,90551.87,17870.07
TCID_00154,TID_0157,32707.21,35531.57,39143.35,3611.78
TCID_00155,TID_0158,81161.79,80757.28,105397.17,24639.89
TCID_00156,TID_0160,36793.49,35180.9,44294.8,9113.9
TCID_00157,TID_0161,46549.12,46808.4,64785.49,17977.09
TCID_00158,TID_0162,85993.85,85550.81,101386.07,15835.26
TCID_00159,TID_0163,59823.09,54777.57,71138.4,16360.83
TCID_00160,TID_0164,100757.07,99622.25,135261.89,35639.64
TCID_00161,TID_0165,43236.28,39181.08,60228.31,21047.22
TCID_00162,TID_0166,-25731.53,-26863.32,-31697.95,-4834.63
TCID_00163,TID_0167,104157.63,98750.15,134046.81,35296.65
TCID_00164,TID_0168,92971.99,100883.37,112722.18,11838.81
TCID_00165,TID_0169,45240.97,49048.12,54715.14,5667.02
TCID_00166,TID_0170,70909.99,70580.16,86881.65,16301.48
TCID_00167,TID_0171,27788.35,29405.2,39248.1,9842.9
TCID_00168,TID_0172,64919.87,67956.56,79901.26,11944.7
TCID_00169,TID_0173,29662.64,32409.1,39881.96,7472.86
TCID_00170,TID_0174,95891.45,90930.94,115718.54,24787.59
TCID_00171,TID_0175,96949.81,87293.64,135979.0,48685.37
TCID_00172,TID_0176,41448.39,37655.03,55670.09,18015.06
TCID_00173,TID_0177,131829.07,120265.77,162863.7,42597.93
TCID_00174,TID_0178,67749.93,74101.11,89520.07,15418.96
TCID_00175,TID_0179,41558.2,40946.7,57164.85,16218.15
TCID_00176,TID_0180,45932.3,44272.13,61475.43,17203.3
TCID_00177,TID_0181,-39209.56,-38320.78,-48452.58,-10131.81
TCID_00178,TID_0182,59418.66,61458.65,73851.0,12392.35
TCID_00179,TID_0183,45336.77,46655.49,55076.56,8421.07
TCID_00180,TID_0184,50717.32,47964.28,70362.09,22397.81
TCID_00181,TID_0185,51163.26,55330.47,71511.6,16181.13
TCID_00182,TID_0186,104346.18,102975.14,137036.67,34061.53
TCID_00183,TID_0187,63570.67,64865.34,86107.51,21242.17
TCID_00184,TID_0188,20356.15,19084.51,24609.39,5524.88
TCID_00185,TID_0189,84554.52,91140.33,118393.04,27252.72
TCID_00186,TID_0190,29328.64,29149.12,35959.36,6810.23
TCID_00187,TID_0191,34279.42,36361.21,44984.11,8622.91
TCID_00188,TID_0192,80365.33,88095.68,103500.26,15404.58
TCID_00189,TID_0193,48949.18,49194.85,58951.96,9757.12
TCID_00190,TID_0194,38350.69,40912.14,52374.03,11461.9
TCID_00191,TID_0195,15437.84,15190.22,19204.44,4014.22
TCID_00192,TID_0196,71144.78,70994.4,91764.44,20770.04
TCID_00193,TID_0197,36086.68,34645.26,49582.62,14937.36
TCID_00194,TID_0198,47351.77,49740.66,61086.47,11345.8
TCID_00195,TID_0199,23021.3,23300.79,32649.25,9348.45
TCID_00196,TID_0200,23149.47,21611.14,28248.85,6637.71
TCID_00197,TID_0201,60096.05,58025.01,81128.36,23103.35
TCID_00198,TID_0202,50035.42,51322.49,62214.34,10891.85
TCID_00199,TID_0203,73642.12,80571.26,103332.54,22761.27
TCID_00200,TID_0204,89236.5,94244.35,106903.79,12659.44
TCID_00201,TID_0205,130784.71,121819.19,159177.41,37358.22
TCID_00202,TID_0206,48326.4,48425.4,62950.19,14524.79
TCID_00203,TID_0207,72182.02,67968.11,85014.93,17046.82
TCID_00204,TID_0208,22821.66,24691.0,31862.81,7171.81
TCID_00205,TID_0209,51866.26,48311.96,64079.9,15767.94
TCID_00206,TID_0211,-7363.04,-6965.98,-10515.31,-3549.33
TCID_00207,TID_0212,36099.26,33430.84,48714.25,15283.42
TCID_00208,TID_0213,26442.45,25601.15,33284.72,7683.57
TCID_00209,TID_0214,29717.8,27377.68,38384.23,11006.55
TCID_00210,TID_0215,-17334.2,-18660.8,-22120.95,-3460.16
TCID_00211,TID_0216,50829.04,50944.79,69701.58,18756.78
TCID_00212,TID_0217,44636.08,42480.24,57300.48,14820.24
TCID_00213,TID_0218,42392.94,45046.21,51353.89,6307.68
TCID_00214,TID_0219,-11093.43,-10640.16,-15318.92,-4678.77
TCID_00215,TID_0220,39030.5,38695.73,46589.85,7894.13
TCID_00216,TID_0221,26818.27,24514.67,36905.97,12391.3
TCID_00217,TID_0222,34941.46,36682.77,45825.15,9142.38
TCID_00218,TID_0223,62880.16,66747.1,74774.16,8027.07
TCID_00219,TID_0224,73290.07,66746.33,86962.05,20215.72
TCID_00220,TID_0225,26331.46,28365.77,34365.53,5999.76
TCID_00221,TID_0226,76354.67,80197.64,102152.27,21954.63
TCID_00222,TID_0227,68928.46,68318.59,97378.02,29059.43
TCID_00223,TID_0228,81822.1,82331.47,98229.18,15897.71
TCID_00224,TID_0229,54595.11,54383.38,73472.51,19089.13
TCID_00225,TID_0230,68256.7,71959.99,91979.01,20019.01
TCID_00226,TID_0231,45494.39,42170.66,56298.45,14127.79
TCID_00227,TID_0232,85994.23,84312.49,117857.99,33545.5
TCID_00228,TID_0234,22996.7,23843.38,28846.58,5003.21
TCID_00229,TID_0235,66080.15,62173.75,85718.59,23544.84
TCID_00230,TID_0236,54457.04,53802.54,64440.31,10637.77
TCID_00231,TID_0237,-14299.12,-14500.53,-18656.94,-4156.41
TCID_00232,TID_0238,59282.94,59305.55,72800.49,13494.94
TCID_00233,TID_0239,38221.28,34654.67,47924.87,13270.2
TCID_00234,TID_0240,63635.84,57979.87,84376.04,26396.17
TCID_00235,TID_0241,39493.93,43224.35,55631.59,12407.25
TCID_00236,TID_0242,26191.01,25027.3,33639.16,8611.85
TCID_00237,TID_0243,-9244.71,-9946.73,-11274.72,-1327.99
TCID_00238,TID_0244,38140.74,41696.03,48547.16,6851.13
TCID_00239,TID_0245,-18795.48,-17876.4,-24576.38,-6699.98
TCID_00240,TID_0246,-9629.09,-8804.0,-11802.55,-2998.55
TCID_00241,TID_0247,64521.74,62385.58,90313.43,27927.85
TCID_00242,TID_0248,51389.21,54598.46,72315.27,17716.81
TCID_00243,TID_0249,-12806.1,-12914.47,-18004.81,-5090.33
TCID_00244,TID_0250,56308.11,53557.82,67486.71,13928.89
TCID_00245,TID_0251,79599.58,84966.7,93840.53,8873.83
TCID_00246,TID_0252,69300.0,62450.42,85833.83,23383.42
TCID_00247,TID_0253,44313.89,46701.4,61885.39,15183.99
TCID_00248,TID_0254,36587.47,34904.02,44779.31,9875.29
TCID_00249,TID_0255,46054.32,49844.34,64750.92,14906.58
TCID_00250,TID_0256,50999.65,54188.83,67277.92,13089.09
TCID_00251,TID_0257,66594.28,68274.17,87032.22,18758.05
TCID_00252,TID_0258,99993.28,102977.34,141965.43,38988.09
TCID_00253,TID_0259,47617.1,48658.01,61477.02,12819.0
TCID_00254,TID_0260,186670.66,170678.59,262485.16,91806.57
TCID_00255,TID_0261,90078.42,87093.33,120053.01,32959.67
TCID_00256,TID_0262,62835.48,58076.26,87261.85,29185.59
TCID_00257,TID_0263,67992.4,72853.0,89274.96,16421.97
TCID_00258,TID_0264,41897.57,45415.56,51355.02,5939.46
TCID_00259,TID_0265,41894.79,41927.18,57811.81,15884.64
TCID_00260,TID_0266,92673.74,97987.55,126069.26,28081.71
TCID_00261,TID_0267,72099.76,70494.56,84865.84,14371.28
TCID_00262,TID_0268,160414.82,158734.39,199129.81,40395.42
TCID_00263,TID_0269,32619.35,34756.3,46421.76,11665.46
TCID_00264,TID_0270,69663.06,71254.16,99402.41,28148.25
TCID_00265,TID_0271,79990.38,79387.71,101830.92,22443.22
TCID_00266,TID_0272,78117.52,83597.2,95139.17,11541.97
TCID_00267,TID_0273,43068.0,38790.3,51802.8,13012.5
TCID_00268,TID_0274,60533.19,56971.66,73814.58,16842.92
TCID_00269,TID_0275,29988.18,32473.19,38407.92,5934.73
TCID_00270,TID_0276,175111.65,166350.62,228802.93,62452.32
TCID_00271,TID_0277,70774.38,66115.89,94461.7,28345.81
TCID_00272,TID_0278,-19025.35,-20089.02,-23392.09,-3303.07
TCID_00273,TID_0279,46709.38,48875.18,60827.08,11951.9
TCID_00274,TID_0280,30788.13,30084.31,43399.04,13314.73
TCID_00275,TID_0281,30502.01,31886.99,38412.39,6525.4
TCID_00276,TID_0282,67570.29,62189.86,94974.85,32784.99
TCID_00277,TID_0283,69915.73,70539.77,89140.13,18600.37
TCID_00278,TID_0284,64899.23,69353.18,83676.9,14323.71
TCID_00279,TID_0285,30004.66,30808.74,40235.89,9427.15
TCID_00280,TID_0286,70862.18,75711.23,84725.48,9014.26
TCID_00281,TID_0287,56373.38,53696.09,66350.81,12654.72
TCID_00282,TID_0288,21267.38,19305.63,29899.02,10593.4
TCID_00283,TID_0289,61662.43,55700.48,80122.28,24421.8
TCID_00284,TID_0290,-20842.12,-20668.89,-27364.81,-6695.92
TCID_00285,TID_0291,45311.48,48679.73,55208.46,6528.73
TCID_00286,TID_0292,87482.25,80865.92,104439.85,23573.93
TCID_00287,TID_0293,88503.77,87081.34,108590.43,21509.09
TCID_00288,TID_0294,53203.6,52523.67,66615.02,14091.36
TCID_00289,TID_0295,31401.35,29808.06,43336.01,13527.95
TCID_00290,TID_0296,90430.59,90475.5,110743.51,20268.02
TCID_00291,TID_0297,95715.15,92799.01,115881.53,23082.52
TCID_00292,TID_0298,31320.08,31677.72,42865.79,11188.07
TCID_00293,TID_0299,120049.08,122395.9,166761.85,44365.96
TCID_00294,TID_0300,43563.4,41826.57,62036.97,20210.41
TCID_00295,TID_0301,62412.64,66181.7,78969.02,12787.32
TCID_00296,TID_0302,27370.6,25944.23,36307.78,10363.55
TCID_00297,TID_0303,-16262.68,-16281.71,-19767.01,-3485.3
TCID_00298,TID_0304,56571.95,60546.23,68449.46,7903.22
TCID_00299,TID_0305,29642.43,29695.21,41988.12,12292.91
TCID_00300,TID_0306,56901.29,54659.16,77825.19,23166.03
TCID_00301,TID_0307,103330.05,100380.95,124152.58,23771.63
TCID_00302,TID_0308,44005.25,46954.25,57628.95,10674.71
TCID_00303,TID_0309,47487.76,42761.22,60192.14,17430.92
TCID_00304,TID_0310,41009.65,44926.98,48849.56,3922.58
TCID_00305,TID_0311,54832.26,55167.19,73239.12,18071.92
TCID_00306,TID_0312,22979.87,21390.72,28912.37,7521.65
TCID_00307,TID_0313,45187.54,48408.31,63984.94,15576.63
TCID_00308,TID_0314,-17693.04,-16190.1,-22063.47,-5873.37
TCID_00309,TID_0315,44210.37,45081.8,57425.88,12344.08
TCID_00310,TID_0316,90476.83,90987.05,123165.35,32178.3
TCID_00311,TID_0317,70842.72,77341.49,95322.42,17980.93
TCID_00312,TID_0318,45026.21,41025.17,57902.98,16877.81
TCID_00313,TID_0319,109065.81,116757.71,136232.54,19474.83
TCID_00314,TID_0320,58766.75,54710.98,71637.78,16926.8
TCID_00315,TID_0321,44612.38,44978.18,58190.45,13212.27
TCID_00316,TID_0322,138836.93,145944.49,168759.72,22815.23
TCID_00317,TID_0323,54067.02,57999.74,63991.09,5991.35
TCID_00318,TID_0324,63101.91,69177.68,80560.69,11383.02
TCID_00319,TID_0325,75823.83,81243.2,92858.7,11615.5
TCID_00320,TID_0326,118662.14,114179.19,156680.27,42501.08
TCID_00321,TID_0327,38320.42,36983.16,48795.49,11812.33
TCID_00322,TID_0328,39392.76,43045.4,50545.3,7499.9
TCID_00323,TID_0329,75666.81,68351.88,97546.7,29194.82
TCID_00324,TID_0331,92100.65,94054.18,116076.37,22022.18
TCID_00325,TID_0332,100458.75,98801.11,134307.33,35506.22
TCID_00326,TID_0333,41794.11,39209.56,50550.11,11340.56
TCID_00327,TID_0334,71380.95,71893.98,98705.24,26811.26
TCID_00328,TID_0335,30894.74,29285.01,37405.93,8120.91
TCID_00329,TID_0337,34377.5,33738.6,48627.51,14888.91
TCID_00330,TID_0338,38038.69,39591.22,47500.9,7909.68
TCID_00331,TID_0339,72699.54,69685.11,102417.43,32732.32
TCID_00332,TID_0340,38938.83,38648.9,51782.73,13133.83
TCID_00333,TID_0341,124211.37,131824.79,150370.62,18545.82
TCID_00334,TID_0342,21222.09,21728.6,30310.46,8581.85
TCID_00335,TID_0343,-15983.58,-17357.31,-20730.74,-3373.43
TCID_00336,TID_0344,34024.47,32421.67,43567.17,11145.51
TCID_00337,TID_0345,38452.19,38947.74,51335.9,12388.16
TCID_00338,TID_0346,48892.37,53441.78,60050.5,6608.72
TCID_00339,TID_0347,88904.05,92714.4,105081.59,12367.19
TCID_00340,TID_0348,46743.42,42997.73,57893.96,14896.23
TCID_00341,TID_0349,41460.74,39852.57,52962.31,13109.74
TCID_00342,TID_0350,36179.67,37217.24,45897.01,8679.76
TCID_00343,TID_0351,63312.29,58496.95,85658.6,27161.65
TCID_00344,TID_0352,40130.24,36567.25,49593.32,13026.07
TCID_00345,TID_0353,81958.85,85161.35,116279.77,31118.42
TCID_00346,TID_0354,72725.4,72693.97,89553.73,16859.76
TCID_00347,TID_0355,17170.77,16122.95,22959.18,6836.23
TCID_00348,TID_0356,53266.54,56824.85,64638.03,7813.18
TCID_00349,TID_0357,36659.6,36845.55,44137.34,7291.8
TCID_00350,TID_0358,36948.46,40248.33,52054.13,11805.8
TCID_00351,TID_0359,147508.1,157919.85,197503.9,39584.05
TCID_00352,TID_0360,-19784.27,-21236.29,-24015.57,-2779.28
TCID_00353,TID_0361,66344.99,64872.03,81824.17,16952.14
TCID_00354,TID_0362,48281.91,52012.23,59639.11,7626.89
TCID_00355,TID_0363,37440.74,38793.03,52550.64,13757.62
TCID_00356,TID_0364,112108.17,107086.76,140545.2,33458.45
TCID_00357,TID_0365,73219.52,77327.41,88181.75,10854.35
TCID_00358,TID_0367,160071.65,173439.56,195550.28,22110.72
TCID_00359,TID_0368,82815.28,88890.15,102679.15,13789.0
TCID_00360,TID_0369,32895.72,31359.36,39499.2,8139.84
TCID_00361,TID_0370,34409.57,36292.36,40703.2,4410.85
TCID_00362,TID_0371,81041.44,84572.01,107518.54,22946.54
TCID_00363,TID_0372,38903.24,38216.86,49030.45,10813.59
TCID_00364,TID_0373,71367.1,74996.48,96450.26,21453.79
TCID_00365,TID_0374,-15304.71,-13915.44,-20965.81,-7050.37
TCID_00366,TID_0375,100452.8,109264.6,142653.64,33389.03
TCID_00367,TID_0376,56073.88,53612.08,71821.04,18208.96
TCID_00368,TID_0377,73640.03,78492.47,92191.29,13698.82
TCID_00369,TID_0378,48278.61,50205.49,58717.56,8512.06
TCID_00370,TID_0379,36289.45,35122.63,44552.86,9430.23
TCID_00371,TID_0380,87556.93,88577.18,105506.17,16928.99
TCID_00372,TID_0381,74816.89,71063.88,94238.94,23175.06
TCID_00373,TID_0383,37603.14,35991.95,44762.14,8770.19
TCID_00374,TID_0384,77821.14,77097.21,110126.47,33029.26
TCID_00375,TID_0385,41751.12,38430.31,57492.24,19061.92
TCID_00376,TID_0386,50025.2,49156.96,65613.35,16456.39
TCID_00377,TID_0387,46975.51,50084.2,58633.9,8549.7
TCID_00378,TID_0388,46701.35,42872.1,56786.48,13914.38
TCID_00379,TID_0389,60268.86,61606.44,80832.51,19226.06
TCID_00380,TID_0390,67875.97,73495.03,80786.71,7291.68
TCID_00381,TID_0391,-25602.32,-24334.65,-34079.31,-9744.66
TCID_00382,TID_0392,33437.7,36015.4,40334.09,4318.7
TCID_00383,TID_0393,31855.39,29667.92,38183.37,8515.44
TCID_00384,TID_0394,60029.31,65109.17,73844.93,8735.76
TCID_00385,TID_0395,91483.58,82595.03,126372.71,43777.68
TCID_00386,TID_0396,75958.16,78365.64,96058.19,17692.55
TCID_00387,TID_0397,-22351.44,-21669.97,-26432.37,-4762.4
TCID_00388,TID_0398,24615.19,23750.75,33731.9,9981.16
TCID_00389,TID_0399,47990.2,52569.42,62015.1,9445.67
TCID_00390,TID_0400,44327.08,43854.6,60254.68,16400.08
TCID_00391,TID_0401,89774.27,87103.32,113757.29,26653.97
TCID_00392,TID_0402,49683.5,52467.15,62218.99,9751.84
TCID_00393,TID_0403,36831.63,33190.01,45171.07,11981.07
TCID_00394,TID_0404,125271.87,130576.15,151213.12,20636.97
TCID_00395,TID_0405,46500.18,43372.78,58970.63,15597.85
TCID_00396,TID_0406,44348.79,43082.57,58475.93,15393.35
TCID_00397,TID_0407,57978.39,62564.54,78643.55,16079.01
TCID_00398,TID_0408,62608.12,68110.96,84954.51,16843.55
TCID_00399,TID_0409,37473.1,40786.06,44799.56,4013.5
TCID_00400,TID_0410,43434.04,43659.5,57296.87,13637.37
TCID_00401,TID_0411,92108.96,96235.22,112517.69,16282.47
TCID_00402,TID_0412,86734.26,88999.61,106278.04,17278.43
TCID_00403,TID_0413,65718.18,64119.73,88436.44,24316.72
TCID_00404,TID_0414,52670.79,51773.28,74488.64,22715.36
TCID_00405,TID_0415,39534.16,42023.59,51194.3,9170.72
TCID_00406,TID_0416,51926.68,53945.0,65999.28,12054.28
TCID_00407,TID_0417,31467.85,31612.44,37247.31,5634.88
TCID_00408,TID_0418,113829.05,118675.7,155426.4,36750.71
TCID_00409,TID_0419,60741.04,66096.51,81084.6,14988.09
TCID_00410,TID_0420,-9428.31,-9049.35,-12629.85,-3580.5
TCID_00411,TID_0421,33388.52,35031.2,44084.69,9053.5
TCID_00412,TID_0422,53171.22,48978.26,71752.89,22774.63
TCID_00413,TID_0423,21318.78,22753.56,29644.93,6891.37
TCID_00414,TID_0424,115854.17,121812.22,148995.94,27183.72
TCID_00415,TID_0425,79890.96,73668.11,96514.83,22846.72
TCID_00416,TID_0427,54247.92,55965.73,66927.41,10961.68
TCID_00417,TID_0428,26754.42,24356.09,36158.26,11802.17
TCID_00418,TID_0429,-33553.57,-32605.35,-42586.9,-9981.55
TCID_00419,TID_0430,60221.08,60860.6,82145.28,21284.68
TCID_00420,TID_0431,66538.45,61365.23,94849.5,33484.26
TCID_00421,TID_0432,111587.71,108590.41,158857.94,50267.54
TCID_00422,TID_0433,-22409.5,-22330.9,-27050.81,-4719.92
TCID_00423,TID_0434,54173.77,53348.42,74323.74,20975.32
TCID_00424,TID_0435,75675.55,75856.58,92081.74,16225.15
TCID_00425,TID_0436,49051.92,53823.41,63713.93,9890.52
TCID_00426,TID_0437,46838.98,49502.79,63536.46,14033.66
TCID_00427,TID_0438,29250.01,31628.67,38449.83,6821.16
TCID_00428,TID_0439,67966.07,68454.04,81035.15,12581.11
TCID_00429,TID_0440,145103.8,146951.98,193993.6,47041.63
TCID_00430,TID_0441,85950.45,86610.48,113157.91,26547.43
TCID_00431,TID_0442,73479.49,67545.36,89479.34,21933.98
TCID_00432,TID_0443,27947.15,29337.14,34489.81,5152.67
TCID_00433,TID_0444,18227.57,19707.18,24320.17,4612.99
TCID_00434,TID_0445,129355.41,132905.67,170553.76,37648.08
TCID_00435,TID_0446,36700.19,40256.35,47575.22,7318.87
TCID_00436,TID_0447,44137.45,44639.16,59450.98,14811.82
TCID_00437,TID_0448,141757.95,138598.13,188586.59,49988.45
TCID_00438,TID_0449,138095.54,145425.31,191360.52,45935.22
TCID_00439,TID_0450,33928.56,32996.27,46253.89,13257.61
TCID_00440,TID_0451,44432.56,48411.28,52407.2,3995.92
TCID_00441,TID_0452,25916.76,25543.25,33073.49,7530.24
TCID_00442,TID_0453,64695.32,60715.09,82854.97,22139.88
TCID_00443,TID_0454,46665.9,43211.69,58728.83,15517.14
TCID_00444,TID_0455,55157.35,57577.11,65951.23,8374.13
TCID_00445,TID_0456,33982.13,35005.76,46117.04,11111.28
TCID_00446,TID_0457,64078.88,58415.09,76056.19,17641.1
TCID_00447,TID_0458,35315.81,32243.79,46882.59,14638.8
TCID_00448,TID_0459,-15029.59,-16498.16,-19847.75,-3349.59
TCID_00449,TID_0460,119190.51,120721.64,141102.38,20380.74
TCID_00450,TID_0461,28792.18,30475.4,34731.09,4255.7
TCID_00451,TID_0462,31754.82,29781.42,41505.97,11724.55
TCID_00452,TID_0463,86097.03,87044.1,119709.08,32664.98
TCID_00453,TID_0464,20082.57,19519.09,25234.96,5715.87
TCID_00454,TID_0465,47454.06,48995.72,58301.44,9305.71
TCID_00455,TID_0466,-29623.24,-30714.87,-37274.31,-6559.44
TCID_00456,TID_0467,51116.78,56138.76,61839.31,5700.55
TCID_00457,TID_0468,29484.8,32152.57,39482.77,7330.2
TCID_00458,TID_0469,100012.67,106268.14,130415.65,24147.5
TCID_00459,TID_0470,67093.7,73538.13,84129.29,10591.16
TCID_00460,TID_0471,40289.69,41791.11,49705.94,7914.83
TCID_00461,TID_0472,77486.16,77150.91,91533.32,14382.42
TCID_00462,TID_0473,83236.86,88429.6,107813.14,19383.54
TCID_00463,TID_0474,49851.46,51759.02,62468.62,10709.6
TCID_00464,TID_0476,31513.28,29370.13,42961.64,13591.51
TCID_00465,TID_0477,66521.82,69011.76,82096.6,13084.84
TCID_00466,TID_0478,-30087.58,-31013.83,-41231.75,-10217.91
TCID_00467,TID_0479,45227.93,47081.06,53440.64,6359.58
TCID_00468,TID_0480,30000.52,30893.51,42542.26,11648.75
TCID_00469,TID_0481,17338.64,18425.74,23035.58,4609.84
TCID_00470,TID_0482,54379.03,54430.9,64050.81,9619.91
TCID_00471,TID_0483,76123.49,73526.5,94288.98,20762.49
TCID_00472,TID_0484,48159.33,48443.31,57347.71,8904.41
TCID_00473,TID_0485,78711.79,76412.38,99986.32,23573.94
TCID_00474,TID_0486,56571.82,55091.86,77390.64,22298.78
TCID_00475,TID_0488,48726.22,49064.89,62899.04,13834.15
TCID_00476,TID_0489,85320.89,79702.62,115571.31,35868.69
TCID_00477,TID_0490,-12036.73,-12458.53,-15979.97,-3521.45
TCID_00478,TID_0491,45298.2,45920.71,56696.69,10775.98
TCID_00479,TID_0492,50504.03,53618.09,62985.18,9367.08
TCID_00480,TID_0493,88067.67,87815.7,125126.5,37310.81
TCID_00481,TID_0494,60772.57,58683.91,75091.62,16407.71
TCID_00482,TID_0495,58791.89,60042.65,76208.76,16166.11
TCID_00483,TID_0496,66440.86,69327.6,79586.26,10258.66
TCID_00484,TID_0497,42253.21,45000.49,57628.11,12627.61
TCID_00485,TID_0498,94728.98,85834.68,117693.61,31858.93
TCID_00486,TID_0499,36232.76,35937.59,48306.21,12368.61
TCID_00487,TID_0500,24281.18,22963.82,31830.47,8866.65
TCID_00488,TID_0501,30505.02,32498.15,41090.52,8592.36
TCID_00489,TID_0502,75336.55,75012.15,103065.16,28053.01
TCID_00490,TID_0503,97217.89,101592.39,120218.99,18626.59
TCID_00491,TID_0504,35137.74,35613.98,45776.61,10162.62
TCID_00492,TID_0505,50290.34,45529.46,70670.76,25141.29
TCID_00493,TID_0506,42808.76,42663.29,53114.73,10451.43
TCID_00494,TID_0507,66387.97,64697.5,88205.82,23508.32
TCID_00495,TID_0508,85265.56,77503.69,106666.41,29162.73
TCID_00496,TID_0509,48511.83,51622.4,62668.85,11046.46
TCID_00497,TID_0510,22597.47,20988.86,28445.68,7456.82
TCID_00498,TID_0511,21176.72,22187.78,29140.58,6952.8
TCID_00499,TID_0512,43315.7,40383.58,51755.23,11371.65
TCID_00500,TID_0513,47774.49,51969.35,61732.12,9762.77
TCID_00501,TID_0514,30740.84,30887.0,36539.36,5652.37
TCID_00502,TID_0515,-14323.09,-13641.3,-19021.73,-5380.44
TCID_00503,TID_0516,71261.13,66805.32,87268.46,20463.14
TCID_00504,TID_0517,66092.11,69362.85,83897.28,14534.43
TCID_00505,TID_0518,36990.37,36994.2,49482.64,12488.44
TCID_00506,TID_0519,52221.02,50771.74,62323.0,11551.26
TCID_00507,TID_0520,85663.69,93938.92,108967.21,15028.29
TCID_00508,TID_0521,113071.56,120922.85,141174.71,20251.86
TCID_00509,TID_0522,133365.03,133347.21,185757.56,52410.34
TCID_00510,TID_0523,68312.17,66470.9,87547.74,21076.84
TCID_00511,TID_0524,44587.39,42363.56,54985.82,12622.26
TCID_00512,TID_0525,44261.25,47328.33,54962.94,7634.61
TCID_00513,TID_0527,45633.6,46379.35,55149.01,8769.66
TCID_00514,TID_0528,20385.85,21422.01,25895.47,4473.46
TCID_00515,TID_0529,38110.92,41422.92,47809.88,6386.96
TCID_00516,TID_0530,34786.38,36158.34,49585.53,13427.18
TCID_00517,TID_0531,141957.38,131598.18,187711.18,56113.0
TCID_00518,TID_0532,71418.33,68403.02,93366.22,24963.2
TCID_00519,TID_0533,81114.81,82806.71,97114.79,14308.08
TCID_00520,TID_0534,60278.8,60611.42,75223.86,14612.44
TCID_00521,TID_0535,22551.75,23596.0,27766.49,4170.49
TCID_00522,TID_0537,35205.58,38261.73,47927.94,9666.21
TCID_00523,TID_0538,-28358.46,-27058.85,-34776.93,-7718.08
TCID_00524,TID_0539,28558.86,29623.27,40668.56,11045.29
TCID_00525,TID_0540,124869.88,135167.64,151783.06,16615.41
TCID_00526,TID_0541,-9277.19,-8839.27,-12502.03,-3662.76
TCID_00527,TID_0542,56585.63,57061.83,77193.46,20131.63
TCID_00528,TID_0543,87601.73,81698.98,113851.74,32152.76
TCID_00529,TID_0544,24601.84,24494.93,30990.17,6495.24
TCID_00530,TID_0545,30360.64,29828.62,37369.52,7540.9
TCID_00531,TID_0546,42234.59,38748.2,57299.24,18551.04
TCID_00532,TID_0547,34080.4,35045.6,44360.24,9314.64
TCID_00533,TID_0548,-12539.19,-13269.87,-17775.81,-4505.94
TCID_00534,TID_0549,51552.28,54969.06,64773.07,9804.01
TCID_00535,TID_0550,67314.58,61635.43,79986.96,18351.53
TCID_00536,TID_0551,50244.17,55240.81,65872.83,10632.02
TCID_00537,TID_0552,28985.44,28488.77,38171.43,9682.66
TCID_00538,TID_0553,158722.27,147393.29,196465.45,49072.16
TCID_00539,TID_0554,34030.23,31852.05,40813.85,8961.79
TCID_00540,TID_0555,73407.88,79952.02,100572.01,20619.98
TCID_00541,TID_0556,41755.93,37957.99,57664.14,19706.15
TCID_00542,TID_0557,27522.29,28021.39,37611.87,9590.48
TCID_00543,TID_0558,17956.54,16956.76,24948.49,7991.73
TCID_00544,TID_0559,40740.17,39178.97,54436.31,15257.34
TCID_00545,TID_0560,30617.62,27973.85,42902.02,14928.17
TCID_00546,TID_0561,82322.39,85730.26,97290.1,11559.84
TCID_00547,TID_0562,24062.31,22795.59,32389.37,9593.78
TCID_00548,TID_0563,80470.74,77575.44,104058.83,26483.39
TCID_00549,TID_0564,-31813.96,-30569.18,-38873.78,-8304.6
TCID_00550,TID_0565,18657.04,17687.14,25853.93,8166.79
TCID_00551,TID_0566,106694.39,107158.17,143939.39,36781.22
TCID_00552,TID_0567,70387.46,77272.93,97789.64,20516.71
TCID_00553,TID_0568,84524.15,91440.8,114953.17,23512.37
TCID_00554,TID_0569,113862.02,107743.87,136812.11,29068.24
TCID_00555,TID_0570,75430.13,68011.11,91648.54,23637.43
TCID_00556,TID_0571,70040.68,68712.41,93901.97,25189.56
TCID_00557,TID_0572,31388.2,33315.5,38816.59,5501.08
TCID_00558,TID_0573,140607.46,128434.56,180186.03,51751.47
TCID_00559,TID_0575,67040.1,70633.64,90360.67,19727.03
TCID_00560,TID_0576,36357.15,32892.13,48566.57,15674.44
TCID_00561,TID_0577,91327.27,87572.94,112812.44,25239.5
TCID_00562,TID_0578,24801.82,22473.81,34237.14,11763.33
TCID_00563,TID_0579,39335.58,35876.15,46827.46,10951.31
TCID_00564,TID_0580,146357.82,153940.4,184261.82,30321.42
TCID_00565,TID_0581,37686.16,35629.64,46968.68,11339.04
TCID_00566,TID_0582,35071.43,35293.04,42543.55,7250.51
TCID_00567,TID_0583,29583.91,27734.41,40826.12,13091.7
TCID_00568,TID_0584,37464.95,40549.49,49323.74,8774.25
TCID_00569,TID_0585,52834.79,49655.66,74186.54,24530.88
TCID_00570,TID_0586,77665.44,74567.2,92869.51,18302.31
TCID_00571,TID_0587,45316.97,42036.87,55786.37,13749.49
TCID_00572,TID_0588,17052.37,15447.48,20286.36,4838.88
TCID_00573,TID_0589,135215.14,128261.03,161069.43,32808.4
TCID_00574,TID_0590,59904.38,64881.04,73125.54,8244.5
TCID_00575,TID_0591,123009.21,133534.89,163295.78,29760.89
TCID_00576,TID_0592,27644.6,28708.57,33588.06,4879.49
TCID_00577,TID_0593,40986.75,44141.12,49200.08,5058.96
TCID_00578,TID_0594,47400.92,50024.76,61466.38,11441.62
TCID_00579,TID_0595,66639.33,60164.18,90772.27,30608.09
TCID_00580,TID_0596,53481.59,50920.3,67431.65,16511.34
TCID_00581,TID_0597,-18787.14,-18202.71,-23832.04,-5629.33
TCID_00582,TID_0598,18117.33,19828.87,24770.09,4941.22
TCID_00583,TID_0599,77608.68,70396.31,96004.04,25607.73
TCID_00584,TID_0600,34255.02,32949.92,41681.63,8731.71
TCID_00585,TID_0601,36357.04,36305.17,48820.21,12515.04
TCID_00586,TID_0602,-19490.14,-17927.18,-26462.47,-8535.29
TCID_00587,TID_0603,19129.35,18879.47,22678.53,3799.06
TCID_00588,TID_0604,45461.14,44000.15,58683.5,14683.35
TCID_00589,TID_0605,66226.55,66878.14,94533.63,27655.5
TCID_00590,TID_0606,66674.11,63251.2,87926.93,24675.73
TCID_00591,TID_0607,-15424.37,-15638.78,-20656.05,-5017.26
TCID_00592,TID_0608,84944.62,78824.54,106165.16,27340.62
TCID_00593,TID_0609,29736.48,27764.67,37741.65,9976.98
TCID_00594,TID_0610,36727.16,39899.57,45001.97,5102.4
TCID_00595,TID_0611,26150.03,26797.71,34639.0,7841.29
TCID_00596,TID_0612,66235.34,62959.33,87750.11,24790.78
TCID_00597,TID_0613,25874.22,23648.27,35101.65,11453.38
TCID_00598,TID_0615,154905.13,169113.15,212848.36,43735.22
TCID_00599,TID_0616,38366.35,39828.43,53430.11,13601.69
TCID_00600,TID_0618,122185.38,134100.36,161153.2,27052.84
TCID_00601,TID_0619,39210.03,41614.95,49108.58,7493.63
TCID_00602,TID_0620,35975.35,37156.86,46171.46,9014.61
TCID_00603,TID_0621,46261.88,41931.42,62225.3,20293.87
TCID_00604,TID_0622,55299.97,57286.16,70035.29,12749.13
TCID_00605,TID_0623,37361.01,34611.32,50070.98,15459.66
TCID_00606,TID_0624,57755.59,61774.55,79375.95,17601.41
TCID_00607,TID_0625,76114.28,78722.7,103124.98,24402.28
TCID_00608,TID_0626,50890.38,51181.47,61778.68,10597.21
TCID_00609,TID_0627,105578.26,115966.62,128196.38,12229.76
TCID_00610,TID_0628,30243.05,29454.15,42437.03,12982.88
TCID_00611,TID_0629,-14793.57,-13492.9,-19466.42,-5973.52
TCID_00612,TID_0630,54209.44,51111.31,68813.52,17702.22
TCID_00613,TID_0631,48119.11,51780.66,68501.85,16721.19
TCID_00614,TID_0632,100814.77,107844.52,120896.91,13052.4
TCID_00615,TID_0633,146917.82,145103.7,181601.88,36498.19
TCID_00616,TID_0635,22525.57,22771.96,30521.46,7749.5
TCID_00617,TID_0636,77089.72,82072.74,108307.67,26234.93
TCID_00618,TID_0637,50961.38,49982.9,64554.35,14571.46
TCID_00619,TID_0638,42825.8,44467.8,50917.08,6449.28
TCID_00620,TID_0639,86400.03,92617.62,107649.12,15031.5
TCID_00621,TID_0640,42867.94,39135.89,50809.24,11673.36
TCID_00622,TID_0641,57570.61,53236.25,72156.35,18920.1
TCID_00623,TID_0642,31368.48,31450.84,39785.5,8334.66
TCID_00624,TID_0643,52086.37,46909.45,63623.42,16713.97
TCID_00625,TID_0644,34846.86,36466.23,47644.09,11177.86
TCID_00626,TID_0645,129293.42,118540.09,164875.88,46335.79
TCID_00627,TID_0646,97625.84,96352.91,139172.93,42820.02
TCID_00628,TID_0647,33520.92,30433.04,40017.61,9584.57
TCID_00629,TID_0648,106588.53,104202.71,136894.64,32691.93
TCID_00630,TID_0649,-9492.16,-10034.44,-12480.72,-2446.28
TCID_00631,TID_0650,-35462.31,-32734.25,-47593.39,-14859.14
TCID_00632,TID_0651,27567.83,25203.74,34047.14,8843.4
TCID_00633,TID_0652,49899.91,50684.76,70553.19,19868.43
TCID_00634,TID_0653,29686.06,32449.74,39940.32,7490.58
TCID_00635,TID_0654,34593.18,33265.08,45681.81,12416.73
TCID_00636,TID_0655,47945.17,52422.52,61119.85,8697.33
TCID_00637,TID_0656,48978.48,46588.76,64149.23,17560.47
TCID_00638,TID_0657,51501.39,47753.93,62306.11,14552.18
TCID_00639,TID_0658,36712.33,37027.04,49616.6,12589.56
TCID_00640,TID_0659,57605.13,55969.13,68320.81,12351.68
TCID_00641,TID_0660,31635.24,31666.31,42762.84,11096.52
TCID_00642,TID_0661,47098.64,49329.27,61251.96,11922.7
TCID_00643,TID_0662,118984.03,112936.84,143869.5,30932.66
TCID_00644,TID_0663,30203.17,30908.88,42311.9,11403.02
TCID_00645,TID_0664,29666.9,30650.73,41677.54,11026.81
TCID_00646,TID_0665,51535.11,48574.94,67327.93,18752.99
TCID_00647,TID_0666,45665.18,44832.98,60629.25,15796.27
TCID_00648,TID_0667,150831.81,139991.09,198481.56,58490.47
TCID_00649,TID_0668,141731.92,139056.44,199961.72,60905.28
TCID_00650,TID_0669,-23753.89,-25922.9,-31987.37,-6064.47
TCID_00651,TID_0670,28370.06,26664.92,36549.75,9884.83
TCID_00652,TID_0671,48264.55,44395.6,66814.48,22418.88
TCID_00653,TID_0672,55594.48,50204.61,75405.67,25201.06
TCID_00654,TID_0673,64758.1,67987.27,79242.06,11254.79
TCID_00655,TID_0674,-18769.0,-17035.95,-23493.96,-6458.01
TCID_00656,TID_0675,44530.1,45888.62,55807.65,9919.04
TCID_00657,TID_0676,40846.64,39665.61,53571.86,13906.26
TCID_00658,TID_0677,55277.46,57985.98,72219.4,14233.42
TCID_00659,TID_0678,29514.0,29315.13,37591.32,8276.19
TCID_00660,TID_0679,36547.04,37554.1,48731.42,11177.32
TCID_00661,TID_0680,63724.96,69606.31,90472.51,20866.2
TCID_00662,TID_0681,96320.68,98317.2,120551.31,22234.12
TCID_00663,TID_0682,54903.0,52184.39,68490.14,16305.75
TCID_00664,TID_0683,100995.75,109213.07,120077.04,10863.97
TCID_00665,TID_0684,-25328.12,-27384.54,-30030.02,-2645.47
TCID_00666,TID_0685,34299.65,34800.56,46221.53,11420.97
TCID_00667,TID_0686,14854.7,13663.4,20699.44,7036.04
TCID_00668,TID_0687,28859.03,30554.0,40438.53,9884.53
TCID_00669,TID_0688,94239.0,91494.5,115924.53,24430.02
TCID_00670,TID_0689,56377.2,58535.74,73948.69,15412.95
TCID_00671,TID_0690,49168.97,44591.85,62982.01,18390.16
TCID_00672,TID_0691,63406.32,58171.17,82850.75,24679.58
TCID_00673,TID_0692,112456.31,111143.51,138004.56,26861.05
TCID_00674,TID_0693,81376.34,83118.27,110025.51,26907.24
TCID_00675,TID_0694,62293.64,61206.39,84811.77,23605.38
TCID_00676,TID_0695,37525.02,39072.39,52448.41,13376.03
TCID_00677,TID_0696,46951.29,44361.24,58522.28,14161.05
TCID_00678,TID_0697,29760.09,28742.81,38087.63,9344.82
TCID_00679,TID_0698,44128.95,47789.87,62899.31,15109.44
TCID_00680,TID_0699,21554.44,22852.54,28827.67,5975.13
TCID_00681,TID_0700,31255.65,33462.89,39015.82,5552.93
TCID_00682,TID_0701,30979.34,31800.01,40145.43,8345.43
TCID_00683,TID_0702,53060.94,48276.81,74128.87,25852.07
TCID_00684,TID_0703,50943.65,46072.56,64933.19,18860.63
TCID_00685,TID_0704,-17223.89,-18281.5,-21482.98,-3201.48
TCID_00686,TID_0705,40013.14,40084.96,51536.01,11451.04
TCID_00687,TID_0706,-15653.72,-14207.4,-18523.73,-4316.32
TCID_00688,TID_0707,34762.97,36620.0,41575.15,4955.15
TCID_00689,TID_0708,26829.98,26926.21,35555.2,8628.99
TCID_00690,TID_0709,92979.93,100017.25,127641.4,27624.15
TCID_00691,TID_0710,62891.63,59267.47,77201.2,17933.73
TCID_00692,TID_0711,101664.14,95753.9,130328.67,34574.77
TCID_00693,TID_0712,29013.8,28745.85,34643.59,5897.74
TCID_00694,TID_0713,79053.06,86902.76,94237.49,7334.73
TCID_00695,TID_0714,150091.15,154015.14,213563.08,59547.94
TCID_00696,TID_0715,35158.23,35808.68,44330.51,8521.83
TCID_00697,TID_0716,-10466.81,-10501.1,-14566.87,-4065.77
TCID_00698,TID_0717,67697.0,73858.37,89350.0,15491.64
TCID_00699,TID_0718,45523.94,48672.25,63229.34,14557.09
TCID_00700,TID_0719,48701.33,50960.18,59941.28,8981.1
TCID_00701,TID_0720,37205.67,38028.86,48618.17,10589.3
TCID_00702,TID_0721,59791.23,58290.18,70680.82,12390.64
TCID_00703,TID_0722,44686.49,42073.22,62094.37,20021.14
TCID_00704,TID_0724,36702.89,38212.61,52368.36,14155.74
TCID_00705,TID_0725,30071.84,30693.46,40885.81,10192.35
TCID_00706,TID_0726,-34609.1,-32449.14,-43037.58,-10588.44
TCID_00707,TID_0727,81171.49,73182.87,109604.11,36421.24
TCID_00708,TID_0728,89344.72,90885.01,122918.96,32033.94
TCID_00709,TID_0729,109598.33,113990.75,135904.29,21913.54
TCID_00710,TID_0730,32267.49,31035.92,45799.62,14763.7
TCID_00711,TID_0731,48610.15,48286.64,60843.98,12557.34
TCID_00712,TID_0732,45745.83,46915.02,57049.94,10134.92
TCID_00713,TID_0733,117712.26,109024.62,143908.35,34883.72
TCID_00714,TID_0734,-16524.47,-17201.41,-20242.85,-3041.44
TCID_00715,TID_0735,46122.9,44579.79,58890.23,14310.44
TCID_00716,TID_0736,43334.18,46980.52,56426.65,9446.13
TCID_00717,TID_0737,72772.29,77538.0,99312.83,21774.82
TCID_00718,TID_0738,40484.03,38009.41,54017.97,16008.56
TCID_00719,TID_0739,83722.15,78523.78,101936.74,23412.96
TCID_00720,TID_0740,38344.96,41314.61,52086.27,10771.66
TCID_00721,TID_0741,45641.69,43326.89,59918.32,16591.43
TCID_00722,TID_0742,115219.93,107440.18,142470.2,35030.02
TCID_00723,TID_0743,67673.97,69394.15,89617.86,20223.71
TCID_00724,TID_0744,92354.79,96857.85,115852.91,18995.06
TCID_00725,TID_0745,99861.4,98033.55,141852.24,43818.68
TCID_00726,TID_0746,101642.44,107715.04,144759.34,37044.3
TCID_00727,TID_0747,45296.05,48334.8,62849.43,14514.64
TCID_00728,TID_0748,61994.57,63555.19,87389.73,23834.54
TCID_00729,TID_0749,-23386.88,-22111.08,-32243.14,-10132.06
TCID_00730,TID_0750,84995.35,89422.85,100199.14,10776.29
TCID_00731,TID_0751,25663.36,25056.78,36158.48,11101.71
TCID_00732,TID_0752,45879.23,49053.71,57646.04,8592.33
TCID_00733,TID_0754,56529.37,52698.76,78018.93,25320.16
TCID_00734,TID_0755,27569.44,26125.01,32793.62,6668.61
TCID_00735,TID_0756,75514.52,79953.05,95203.89,15250.83
TCID_00736,TID_0757,33407.25,31799.79,43209.38,11409.59
TCID_00737,TID_0758,-14058.1,-14403.84,-17092.61,-2688.76
TCID_00738,TID_0759,78868.76,71152.6,102318.21,31165.61
TCID_00739,TID_0760,73547.25,69538.5,98161.37,28622.88
TCID_00740,TID_0761,35237.44,37318.93,42300.98,4982.06
TCID_00741,TID_0762,97117.57,97563.73,117147.36,19583.63
TCID_00742,TID_0763,43967.33,48130.13,60128.74,11998.61
TCID_00743,TID_0764,25652.37,25394.19,31585.2,6191.01
TCID_00744,TID_0765,22391.53,23656.71,30534.6,6877.89
TCID_00745,TID_0766,68221.82,72491.84,86102.07,13610.23
TCID_00746,TID_0767,48764.71,53349.6,64715.97,11366.37
TCID_00747,TID_0768,68633.75,68420.48,84432.9,16012.41
TCID_00748,TID_0769,-10387.4,-9814.58,-12899.52,-3084.94
TCID_00749,TID_0770,28360.27,26063.47,35214.97,9151.49
TCID_00750,TID_0771,46225.76,45698.0,57015.97,11317.97
TCID_00751,TID_0772,26275.37,27240.8,34352.39,7111.59
TCID_00752,TID_0773,175516.09,192230.76,206695.34,14464.58
TCID_00753,TID_0774,53180.29,51112.3,65485.11,14372.8
TCID_00754,TID_0775,30118.3,27220.79,35597.39,8376.6
TCID_00755,TID_0776,-33507.07,-31731.01,-42343.19,-10612.18
TCID_00756,TID_0777,-22293.34,-21646.49,-30842.64,-9196.15
TCID_00757,TID_0778,36555.11,36088.4,46792.1,10703.69
TCID_00758,TID_0779,75703.72,79440.81,94896.59,15455.78
TCID_00759,TID_0780,19561.97,19957.76,25231.16,5273.4
TCID_00760,TID_0781,28277.83,29824.4,36368.06,6543.66
TCID_00761,TID_0782,95551.4,89436.1,113571.09,24134.99
TCID_00762,TID_0783,-16683.11,-17484.87,-19688.93,-2204.06
TCID_00763,TID_0784,26418.39,25415.52,32188.47,6772.95
TCID_00764,TID_0785,37079.1,36729.65,47179.11,10449.46
TCID_00765,TID_0786,134081.6,135147.02,160078.38,24931.35
TCID_00766,TID_0787,70667.23,66616.48,92255.73,25639.25
TCID_00767,TID_0788,39034.94,42222.97,54994.76,12771.79
TCID_00768,TID_0789,42122.87,46094.79,51646.34,5551.54
TCID_00769,TID_0790,45888.59,48816.71,65465.22,16648.51
TCID_00770,TID_0791,26352.85,28167.11,34596.49,6429.38
TCID_00771,TID_0792,70451.69,76347.89,92441.87,16093.98
TCID_00772,TID_0793,75687.47,72491.1,92371.47,19880.37
TCID_00773,TID_0794,27183.2,27771.49,37334.45,9562.96
TCID_00774,TID_0795,31161.37,33831.47,44370.88,10539.42
TCID_00775,TID_0796,76016.68,69230.33,101303.93,32073.6
TCID_00776,TID_0797,42903.89,45061.78,53045.46,7983.68
TCID_00777,TID_0798,41599.5,45426.59,49976.3,4549.71
TCID_00778,TID_0799,41624.7,44916.86,52853.67,7936.81
TCID_00779,TID_0800,57568.82,60401.63,72537.34,12135.71
TCID_00780,TID_0801,41152.96,42184.71,51264.99,9080.28
TCID_00781,TID_0802,60088.56,60477.99,73878.67,13400.68
TCID_00782,TID_0803,60326.38,60304.13,73243.77,12939.63
TCID_00783,TID_0804,41361.64,42598.89,56912.17,14313.28
TCID_00784,TID_0805,79446.04,73456.37,110833.51,37377.14
TCID_00785,TID_0806,47446.63,47916.86,61909.58,13992.72
TCID_00786,TID_0807,105208.12,101399.24,137607.93,36208.69
TCID_00787,TID_0808,55923.92,61153.09,66363.16,5210.08
TCID_00788,TID_0809,63209.97,67487.49,87071.77,19584.27
TCID_00789,TID_0811,56819.26,59056.22,68964.92,9908.7
TCID_00790,TID_0812,38519.87,39586.78,51865.14,12278.36
TCID_00791,TID_0813,-8751.24,-8176.89,-12102.34,-3925.45
TCID_00792,TID_0814,5327.11,4835.39,7214.79,2379.39
TCID_00793,TID_0815,46906.68,46143.02,58345.97,12202.94
TCID_00794,TID_0816,74500.9,72154.53,91017.03,18862.5
TCID_00795,TID_0817,33643.08,32499.55,47376.69,14877.14
TCID_00796,TID_0818,67501.35,69960.89,80561.28,10600.39
TCID_00797,TID_0819,32588.07,30468.62,44978.28,14509.65
TCID_00798,TID_0820,25644.32,24855.31,31996.9,7141.59
TCID_00799,TID_0821,93588.78,86902.79,113930.47,27027.67
TCID_00800,TID_0822,65161.11,67117.76,78443.04,11325.28
TCID_00801,TID_0823,40953.46,44934.29,48815.24,3880.95
TCID_00802,TID_0824,138847.09,136844.19,174120.97,37276.78
TCID_00803,TID_0825,59316.07,57003.46,73320.99,16317.54
TCID_00804,TID_0826,53803.87,54281.11,70874.59,16593.48
TCID_00805,TID_0827,127414.31,129708.39,177494.12,47785.72
TCID_00806,TID_0828,-17399.39,-15856.39,-20599.79,-4743.4
TCID_00807,TID_0829,89205.64,97146.48,120815.91,23669.43
TCID_00808,TID_0830,84072.97,84405.13,101853.43,17448.31
TCID_00809,TID_0831,50518.47,54104.68,70730.8,16626.12
TCID_00810,TID_0832,47586.08,43509.29,56579.49,13070.19
TCID_00811,TID_0833,24493.89,22125.85,32457.02,10331.17
TCID_00812,TID_0834,84479.42,88016.56,120401.51,32384.94
TCID_00813,TID_0835,53844.54,54036.81,75449.4,21412.59
TCID_00814,TID_0836,-9928.96,-10063.25,-13197.57,-3134.33
TCID_00815,TID_0837,48926.57,48194.03,58160.24,9966.21
TCID_00816,TID_0838,73724.51,76560.36,104213.73,27653.37
TCID_00817,TID_0839,88878.54,91060.36,107477.92,16417.56
TCID_00818,TID_0840,-11176.05,-11447.15,-15170.61,-3723.46
TCID_00819,TID_0842,60309.67,54950.84,71980.94,17030.11
TCID_00820,TID_0843,83991.85,77154.12,103491.19,26337.07
TCID_00821,TID_0844,19116.82,19515.95,25015.79,5499.83
TCID_00822,TID_0845,51718.15,50170.97,64157.94,13986.98
TCID_00823,TID_0846,140550.73,132542.72,175777.23,43234.51
TCID_00824,TID_0847,30074.7,30779.04,37195.76,6416.72
TCID_00825,TID_0848,53637.52,48378.1,74594.2,26216.1
TCID_00826,TID_0849,49685.44,49219.16,69639.45,20420.29
TCID_00827,TID_0850,99936.73,105600.78,136846.09,31245.31
TCID_00828,TID_0851,29435.69,31027.26,36343.58,5316.32
TCID_00829,TID_0852,-16587.32,-16477.9,-20391.89,-3913.99
TCID_00830,TID_0853,38391.65,38766.21,48758.28,9992.07
TCID_00831,TID_0854,73335.74,79057.29,90721.4,11664.11
TCID_00832,TID_0855,80567.76,79791.47,98629.72,18838.26
TCID_00833,TID_0856,116629.38,126391.98,153060.53,26668.56
TCID_00834,TID_0857,39183.97,37017.73,48959.24,11941.51
TCID_00835,TID_0858,76203.45,69756.36,94640.01,24883.65
TCID_00836,TID_0859,80716.46,77831.85,96440.07,18608.21
TCID_00837,TID_0860,120737.35,129583.49,154166.84,24583.35
TCID_00838,TID_0861,41691.02,44264.12,55515.02,11250.9
TCID_00839,TID_0862,51884.87,54593.04,65295.34,10702.3
TCID_00840,TID_0863,38469.2,35401.41,48409.45,13008.04
TCID_00841,TID_0864,78801.21,71920.27,95270.13,23349.86
TCID_00842,TID_0865,43305.16,43368.97,51878.08,8509.1
TCID_00843,TID_0867,162194.01,162823.34,222699.93,59876.6
TCID_00844,TID_0868,91530.77,93300.17,121494.68,28194.52
TCID_00845,TID_0869,47702.66,43708.92,63716.33,20007.41
TCID_00846,TID_0870,82158.25,84872.44,96804.03,11931.59
TCID_00847,TID_0871,90523.5,83299.97,124815.52,41515.54
TCID_00848,TID_0872,48203.88,47771.95,60839.03,13067.08
TCID_00849,TID_0873,66653.37,64908.61,80964.77,16056.16
TCID_00850,TID_0874,48788.61,45327.68,58002.71,12675.03
TCID_00851,TID_0875,55701.97,52655.45,74473.95,21818.51
TCID_00852,TID_0876,114014.01,119723.05,135256.23,15533.18
TCID_00853,TID_0877,33500.48,33618.9,46915.8,13296.91
TCID_00854,TID_0878,56777.1,57917.37,75981.94,18064.57
TCID_00855,TID_0879,18210.96,17511.66,23648.99,6137.34
TCID_00856,TID_0880,29274.93,29017.32,37222.6,8205.28
TCID_00857,TID_0881,45975.66,45823.45,57920.66,12097.21
TCID_00858,TID_0882,96906.18,90549.24,128007.36,37458.12
TCID_00859,TID_0883,34493.27,34098.61,43086.92,8988.31
TCID_00860,TID_0884,102066.9,111141.32,134834.11,23692.79
TCID_00861,TID_0885,67093.91,72214.4,81205.94,8991.54
TCID_00862,TID_0886,80209.47,82822.39,95874.66,13052.28
TCID_00863,TID_0887,32305.84,33472.54,38582.97,5110.43
TCID_00864,TID_0888,29316.38,30703.36,35722.88,5019.52
TCID_00865,TID_0889,93665.73,84312.32,129313.49,45001.17
TCID_00866,TID_0890,50198.97,51666.69,60979.91,9313.21
TCID_00867,TID_0891,29338.64,26797.53,38235.61,11438.08
TCID_00868,TID_0892,73899.28,80654.14,100219.06,19564.91
TCID_00869,TID_0893,45636.59,45991.48,57665.97,11674.49
TCID_00870,TID_0894,-16368.22,-17102.51,-20973.84,-3871.33
TCID_00871,TID_0895,35408.57,34412.64,46101.17,11688.53
TCID_00872,TID_0896,-22710.66,-22830.14,-28084.53,-5254.4
TCID_00873,TID_0897,34651.02,35926.66,41252.55,5325.88
TCID_00874,TID_0898,126257.13,134192.13,166788.09,32595.96
TCID_00875,TID_0899,62086.38,66390.31,84730.07,18339.76
TCID_00876,TID_0900,21139.46,21617.9,27634.98,6017.08
TCID_00877,TID_0901,-18057.93,-17279.03,-23015.91,-5736.89
TCID_00878,TID_0902,71546.84,76764.79,91852.88,15088.09
TCID_00879,TID_0903,36571.69,33868.27,44516.8,10648.52
TCID_00880,TID_0904,38878.46,35844.58,52673.86,16829.28
TCID_00881,TID_0905,70757.91,64507.45,99545.19,35037.75
TCID_00882,TID_0906,46358.73,50476.27,61780.99,11304.72
TCID_00883,TID_0907,35785.37,38214.46,46563.41,8348.95
TCID_00884,TID_0908,97720.16,105793.22,116779.77,10986.55
TCID_00885,TID_0909,107034.03,115459.09,144173.68,28714.59
TCID_00886,TID_0910,-27593.06,-25886.2,-39176.13,-13289.93
TCID_00887,TID_0911,36890.59,37072.09,45970.45,8898.36
TCID_00888,TID_0912,37663.29,37699.98,49280.64,11580.66
TCID_00889,TID_0913,145173.61,131304.51,185600.86,54296.35
TCID_00890,TID_0914,60530.83,59637.29,79597.56,19960.27
TCID_00891,TID_0915,-21588.77,-19633.71,-30459.25,-10825.53
TCID_00892,TID_0916,-22966.54,-25077.92,-27546.47,-2468.55
TCID_00893,TID_0917,57003.67,54805.42,70044.64,15239.22
TCID_00894,TID_0918,29406.55,28618.9,37514.36,8895.46
TCID_00895,TID_0919,47336.41,50861.04,66403.41,15542.37
TCID_00896,TID_0920,41565.76,42969.81,59098.83,16129.02
TCID_00897,TID_0921,38033.1,35680.46,49190.16,13509.7
TCID_00898,TID_0922,95262.71,102824.15,116386.22,13562.07
TCID_00899,TID_0923,24779.79,25106.22,35375.41,10269.19
TCID_00900,TID_0924,49469.69,45118.02,62846.7,17728.67
TCID_00901,TID_0925,68147.58,66022.74,92626.17,26603.43
TCID_00902,TID_0926,71240.58,67569.27,87543.23,19973.96
TCID_00903,TID_0927,24591.67,25759.99,29238.63,3478.64
TCID_00904,TID_0928,77487.83,76332.82,97983.73,21650.91
TCID_00905,TID_0929,110486.64,121068.64,134553.66,13485.02
TCID_00906,TID_0930,45040.53,45982.22,63273.26,17291.05
TCID_00907,TID_0931,-18789.73,-18290.98,-24586.48,-6295.51
TCID_00908,TID_0932,80299.0,79741.19,102410.77,22669.58
TCID_00909,TID_0933,43226.37,46181.77,53392.39,7210.62
TCID_00910,TID_0934,44904.95,46241.51,61603.22,15361.71
TCID_00911,TID_0935,68748.95,64056.35,90083.93,26027.58
TCID_00912,TID_0936,47728.99,44145.38,63403.86,19258.48
TCID_00913,TID_0937,36385.44,33336.75,45286.78,11950.03
TCID_00914,TID_0938,28663.22,28809.55,38454.74,9645.19
TCID_00915,TID_0939,-12469.36,-11440.97,-15671.9,-4230.94
TCID_00916,TID_0940,116232.74,127478.97,160258.32,32779.36
TCID_00917,TID_0941,41122.35,38283.24,56134.62,17851.38
TCID_00918,TID_0942,26622.32,28421.39,36456.81,8035.42
TCID_00919,TID_0943,35911.5,36975.28,48624.73,11649.45
TCID_00920,TID_0944,67830.06,69294.92,82121.13,12826.21
TCID_00921,TID_0945,32761.7,33483.33,41554.8,8071.47
TCID_00922,TID_0946,74530.4,69985.7,106331.11,36345.42
TCID_00923,TID_0947,79200.67,77355.3,108019.36,30664.06
TCID_00924,TID_0948,97960.34,99564.89,117361.33,17796.44
TCID_00925,TID_0949,-13340.26,-13458.54,-17605.31,-4146.78
TCID_00926,TID_0950,84836.6,85077.66,110001.69,24924.03
TCID_00927,TID_0951,-15292.35,-15233.49,-18682.21,-3448.72
TCID_00928,TID_0952,35387.64,33337.53,47549.75,14212.22
TCID_00929,TID_0953,107125.17,99388.16,133698.6,34310.44
TCID_00930,TID_0954,99962.26,91612.37,126587.58,34975.21
TCID_00931,TID_0955,-20441.12,-21896.54,-28884.05,-6987.51
TCID_00932,TID_0957,23923.7,21791.94,31380.86,9588.92
TCID_00933,TID_0958,98111.51,93909.1,122329.18,28420.08
TCID_00934,TID_0959,41078.88,42334.07,48522.51,6188.45
TCID_00935,TID_0960,45817.98,44363.0,63612.09,19249.09
TCID_00936,TID_0961,71007.22,69015.45,100041.21,31025.76
TCID_00937,TID_0962,47617.58,45269.67,58341.34,13071.66
TCID_00938,TID_0963,49657.94,52696.71,62156.5,9459.79
TCID_00939,TID_0964,86701.76,93571.17,116522.56,22951.39
TCID_00940,TID_0965,90936.19,98910.56,116735.94,17825.39
TCID_00941,TID_0966,47679.67,51014.21,65038.43,14024.22
TCID_00942,TID_0967,50177.18,54943.35,63916.89,8973.53
TCID_00943,TID_0968,88495.11,92030.97,116609.23,24578.26
TCID_00944,TID_0969,56584.07,54631.04,74177.49,19546.44
TCID_00945,TID_0970,39177.13,36507.87,48462.83,11954.96
TCID_00946,TID_0971,33497.7,30442.38,39502.4,9060.02
TCID_00947,TID_0972,79033.03,77094.93,99780.59,22685.66
TCID_00948,TID_0973,107869.93,110530.21,146733.2,36202.99
TCID_00949,TID_0974,70265.72,69009.7,85995.52,16985.82
TCID_00950,TID_0975,56228.83,58230.6,71441.31,13210.7
TCID_00951,TID_0976,42741.38,46179.93,59464.26,13284.33
TCID_00952,TID_0977,-4430.61,-4721.82,-6149.89,-1428.07
TCID_00953,TID_0978,53969.24,51912.82,75317.57,23404.74
TCID_00954,TID_0979,37626.53,37770.37,49908.32,12137.95
TCID_00955,TID_0980,97191.36,106418.18,115202.59,8784.41
TCID_00956,TID_0981,48688.48,46914.64,60017.65,13103.01
TCID_00957,TID_0982,68114.96,70405.8,95831.06,25425.26
TCID_00958,TID_0983,86025.56,93382.91,105594.43,12211.51
TCID_00959,TID_0984,25899.8,26694.09,35105.73,8411.64
TCID_00960,TID_0985,41707.66,44981.03,54484.51,9503.48
TCID_00961,TID_0986,57641.8,55305.92,68251.06,12945.14
TCID_00962,TID_0987,42406.73,45583.45,56711.38,11127.93
TCID_00963,TID_0988,40089.78,39519.52,56472.64,16953.12
TCID_00964,TID_0989,37392.95,38784.19,52600.51,13816.32
TCID_00965,TID_0990,70210.03,72218.1,89179.91,16961.81
TCID_00966,TID_0992,62313.66,62874.59,77989.88,15115.29
TCID_00967,TID_0993,23063.04,23152.63,30525.33,7372.71
TCID_00968,TID_0994,61022.75,60265.72,75946.24,15680.52
TCID_00969,TID_0995,53080.89,55189.13,63501.22,8312.09
TCID_00970,TID_0996,95022.95,98163.58,130636.31,32472.73
TCID_00971,TID_0997,44485.41,46895.57,59540.56,12644.98
TCID_00972,TID_0998,34177.75,36624.67,47403.84,10779.17
TCID_00973,TID_0999,36348.43,35852.6,47293.67,11441.07
TCID_00974,TID_1000,32889.04,34288.17,39551.24,5263.06
