trip_id,driver_id,vehicle_id,route_id,start_time,end_time,total_duration_hours,load_tonnes,trip_status
TID_0001,DID_073,VID_028,RID_036,2024-01-20 03:05:00,2024-01-20 09:26:36,6.36,27.47,Completed
TID_0002,INVALID_DID,VID_037,RID_019,2024-02-11 17:30:00,2024-02-11 23:38:24,6.14,41.67,Delayed
TID_0003,DID_033,VID_032,RID_029,2024-01-16 02:40:00,2024-01-15 23:53:48,-2.77,33.7,Completed
TID_0004,DID_035,VID_037,RID_032,2024-03-26 19:42:00,2024-03-27 11:25:12,15.72,41.61,Completed
TID_0005,DID_072,VID_010,RID_017,2024-03-24 05:00:00,2024-03-24 17:12:00,12.2,58.87,Delayed
TID_0006,DID_037,VID_035,RID_028,2024-02-12 06:56:00,2024-02-12 06:56:00,12.53,62.49,Delayed
TID_0007,DID_082,VID_044,RID_033,2024-02-04 17:39:00,2024-02-05 07:18:00,13.65,56.25,Completed
TID_0008,DID_066,VID_040,RID_004,2024-02-22 08:07:00,2024-02-22 16:32:12,8.42,63.23,Delayed
TID_0009,DID_030,VID_016,RID_022,2024-01-25 21:26:00,2024-01-26 12:04:24,14.64,46.89,Completed
TID_0010,DID_013,VID_030,RID_016,2024-03-16 03:36:00,2024-03-16 21:57:00,18.35,44.84,Completed
TID_0011,DID_080,VID_008,RID_038,2024-02-16 03:58:00,2024-02-16 17:50:48,13.88,47.0,Completed
TID_0012,DID_024,VID_019,RID_006,2024-03-22 18:04:00,2024-03-23 00:23:48,6.33,37.3,Delayed
TID_0013,DID_037,VID_020,RID_021,2024-01-18 07:22:00,2024-01-18 17:28:00,10.1,40.95,Completed
TID_0014,DID_091,VID_040,RID_005,2024-01-14 20:23:00,2024-01-14 20:23:00,7.05,49.48,Completed
TID_0015,DID_009,VID_037,RID_031,2024-01-11 20:57:00,2024-01-12 03:46:12,6.82,41.46,Completed
TID_0016,DID_068,VID_049,RID_032,2024-03-29 10:13:00,2024-03-30 09:26:48,23.23,33.34,Completed
TID_0017,DID_057,VID_005,RID_006,2024-02-01 09:02:00,2024-02-01 16:35:36,7.56,67.71,Completed
TID_0018,DID_069,VID_003,RID_032,2024-02-13 13:25:00,2024-02-14 12:07:36,22.71,43.75,Completed
TID_0019,DID_035,VID_035,RID_029,2024-01-30 12:37:00,2024-01-30 09:41:12,-2.93,50.53,Completed
TID_0020,DID_096,VID_007,RID_005,2024-01-11 07:47:00,2024-01-11 14:25:24,6.64,31.97,Completed
TID_0021,DID_091,VID_006,RID_017,2024-02-05 17:14:00,2024-02-06 07:42:12,14.47,65.5,Delayed
TID_0022,DID_042,VID_048,RID_003,2024-02-04 15:38:00,2024-02-05 18:09:48,26.53,42.59,Delayed
TID_0023,DID_007,VID_002,RID_012,2024-02-25 21:24:00,2024-02-26 02:16:48,4.88,59.99,Completed
TID_0024,DID_071,VID_013,RID_033,2024-03-28 15:08:00,2024-03-29 00:39:12,9.52,29.32,Delayed
TID_0025,DID_007,VID_007,RID_027,2024-03-02 05:08:00,2024-03-02 11:34:24,6.44,31.78,Completed
TID_0026,DID_057,VID_033,RID_019,2024-03-24 22:17:00,2024-03-25 03:17:00,5.0,38.95,Completed
TID_0027,DID_034,VID_030,RID_025,2024-01-04 11:59:00,2024-01-04 18:56:36,6.96,44.03,Completed
TID_0028,DID_019,VID_028,RID_024,2024-03-17 15:56:00,2024-03-18 16:29:00,24.55,49.89,Delayed
TID_0029,DID_047,VID_030,RID_007,2024-01-16 22:09:00,2024-01-16 17:19:48,-4.82,43.99,Delayed
TID_0030,DID_080,VID_015,RID_006,2024-02-14 13:15:00,2024-02-14 20:18:00,7.05,49.08,Delayed
TID_0031,DID_025,VID_046,RID_012,2024-02-12 16:16:00,2024-02-12 21:00:24,4.74,57.71,Completed
TID_0032,DID_073,VID_040,RID_004,2024-01-26 17:23:00,2024-01-26 23:44:00,6.35,36.82,Completed
TID_0033,DID_041,VID_046,RID_018,2024-01-17 09:36:00,2024-01-18 07:05:24,21.49,43.53,Completed
TID_0034,DID_020,VID_003,RID_016,2024-01-28 18:45:00,2024-01-29 14:37:48,19.88,36.41,Completed
TID_0035,DID_012,VID_009,RID_002,2024-01-23 10:26:00,2024-01-24 10:36:48,24.18,41.24,Completed
TID_0036,DID_100,VID_015,RID_038,2024-03-07 00:27:00,2024-03-07 21:54:00,21.45,41.77,Completed
TID_0037,DID_069,VID_036,RID_003,2024-03-13 19:38:00,2024-03-14 14:35:00,18.95,32.38,Completed
TID_0038,DID_075,VID_044,RID_007,2024-03-20 22:26:00,2024-03-20 17:46:24,-4.66,61.3,Completed
TID_0039,DID_041,VID_047,RID_033,2024-01-28 12:16:00,2024-01-29 01:05:12,12.82,54.35,Completed
TID_0040,INVALID_DID,VID_025,RID_013,2024-01-23 11:25:00,2024-01-23 19:52:00,8.45,65.72,Delayed
TID_0041,DID_069,VID_009,RID_010,2024-01-17 20:13:00,2024-01-18 05:23:48,9.18,52.54,Completed
TID_0042,DID_071,VID_004,RID_037,2024-01-23 13:33:00,2024-01-24 00:07:12,10.57,42.01,Delayed
TID_0043,DID_067,VID_001,RID_015,2024-01-19 06:16:00,2024-01-19 13:31:36,7.26,41.58,Delayed
TID_0044,DID_074,VID_046,RID_030,2024-01-08 16:32:00,2024-01-09 00:25:24,7.89,45.9,Completed
TID_0045,DID_076,VID_018,RID_026,2024-03-07 02:40:00,2024-03-07 16:14:48,13.58,60.5,Completed
TID_0046,DID_042,VID_018,RID_013,2024-02-25 15:56:00,2024-02-26 02:39:48,10.73,49.45,Completed
TID_0047,DID_041,VID_022,RID_019,2024-01-05 23:56:00,2024-01-06 06:32:00,6.6,42.67,Completed
TID_0048,DID_078,VID_028,RID_021,2024-02-23 12:26:00,2024-02-24 00:28:24,12.04,32.29,Completed
TID_0049,DID_097,VID_043,RID_027,2024-02-19 09:07:00,2024-02-19 15:52:00,6.75,31.36,Delayed
TID_0050,DID_055,VID_023,RID_016,2024-03-21 12:05:00,2024-03-22 03:43:24,15.64,33.11,Delayed
TID_0051,DID_081,VID_004,RID_025,2024-02-23 12:47:00,2024-02-23 20:48:48,8.03,45.52,Delayed
TID_0052,DID_049,VID_024,RID_031,2024-02-13 15:26:00,2024-02-14 01:20:00,9.9,56.9,Completed
TID_0053,DID_039,VID_046,RID_038,2024-03-08 08:28:00,2024-03-09 08:04:00,23.6,41.3,Delayed
TID_0054,DID_063,VID_011,RID_012,2024-02-26 09:41:00,2024-02-26 15:36:48,5.93,27.38,Completed
TID_0055,DID_046,VID_004,RID_027,2024-03-02 14:10:00,2024-03-02 22:24:24,8.24,49.75,Completed
TID_0056,DID_037,VID_028,RID_032,2024-01-31 23:43:00,2024-02-01 20:09:24,20.44,27.95,Completed
TID_0057,INVALID_DID,VID_035,RID_020,2024-02-09 07:54:00,2024-02-09 23:51:36,15.96,53.83,Completed
TID_0058,DID_053,VID_033,RID_014,2024-03-23 11:59:00,2024-03-23 20:44:00,8.75,39.69,Delayed
TID_0059,DID_002,VID_013,RID_023,2024-01-29 18:41:00,2024-01-30 04:26:36,9.76,26.06,Delayed
TID_0060,DID_052,VID_014,RID_032,2024-03-26 01:11:00,2024-03-27 01:30:48,24.33,40.24,
TID_0061,DID_029,VID_032,RID_005,2024-01-30 01:41:00,2024-01-30 11:25:24,9.74,26.32,Completed
TID_0062,DID_099,VID_029,RID_031,2024-01-12 00:18:00,2024-01-12 06:54:00,6.6,43.26,Completed
TID_0063,DID_019,VID_037,RID_040,2024-03-13 10:27:00,2024-03-13 19:03:36,8.61,40.76,Completed
TID_0064,DID_095,VID_046,RID_015,2024-01-21 23:00:00,2024-01-22 05:38:24,6.64,37.3,Completed
TID_0065,DID_053,VID_032,RID_001,2024-02-13 19:11:00,2024-02-14 07:19:24,12.14,31.61,Delayed
TID_0066,DID_026,VID_008,RID_029,2024-03-29 03:06:00,2024-03-29 00:00:00,-3.1,59.83,Completed
TID_0067,DID_027,VID_044,RID_022,2024-01-10 00:05:00,2024-01-10 14:24:48,14.33,46.02,Completed
TID_0068,DID_046,VID_037,RID_018,2024-03-02 00:53:00,2024-03-02 20:48:48,19.93,42.57,Completed
TID_0069,DID_049,VID_026,RID_029,2024-02-06 20:11:00,2024-02-06 16:30:48,-3.67,35.12,Completed
TID_0070,DID_011,VID_038,RID_029,2024-01-23 21:26:00,2024-01-23 19:10:24,-2.26,42.31,Delayed
TID_0071,DID_043,VID_042,RID_012,2024-03-08 05:12:00,2024-03-08 11:07:48,5.93,55.83,Completed
TID_0072,DID_050,VID_014,RID_001,2024-01-20 21:03:00,2024-01-21 07:34:48,10.53,50.16,Completed
TID_0073,DID_019,VID_040,RID_030,2024-01-25 03:47:00,2024-01-25 13:04:24,9.29,37.36,Delayed
TID_0074,DID_006,VID_010,RID_019,2024-02-15 12:06:00,2024-02-15 17:55:48,5.83,48.87,Completed
TID_0075,DID_036,VID_039,RID_020,2024-01-10 11:15:00,2024-01-10 23:33:00,12.3,36.82,Delayed
TID_0076,DID_031,VID_005,RID_036,2024-01-22 05:02:00,2024-01-22 12:36:12,7.57,63.42,Completed
TID_0077,DID_031,VID_019,RID_013,2024-02-14 17:57:00,2024-02-15 07:33:36,13.61,42.87,Completed
TID_0078,DID_016,VID_031,RID_014,2024-03-05 02:17:00,2024-03-05 11:13:24,8.94,40.39,Completed
TID_0079,DID_080,VID_024,RID_014,2024-03-13 18:35:00,2024-03-14 01:08:36,6.56,60.09,Completed
TID_0080,DID_077,VID_042,RID_023,2024-02-23 10:11:00,2024-02-23 23:03:48,12.88,46.87,Completed
TID_0081,DID_091,VID_015,RID_011,2024-02-18 15:22:00,2024-02-19 00:43:00,9.35,48.91,Delayed
TID_0082,DID_055,VID_012,RID_037,2024-01-29 16:40:00,2024-01-30 04:20:12,11.67,49.18,Completed
TID_0083,DID_066,VID_012,RID_014,2024-01-21 16:55:00,2024-01-22 01:19:00,8.4,59.98,Completed
TID_0084,DID_100,VID_008,RID_018,2024-01-08 16:05:00,2024-01-09 15:24:12,23.32,43.16,Delayed
TID_0085,DID_068,VID_009,RID_038,2024-01-27 03:21:00,2024-01-28 02:22:12,23.02,35.37,Completed
TID_0086,DID_044,VID_003,RID_039,2024-02-09 01:20:00,2024-02-09 14:24:48,13.08,35.43,Completed
TID_0087,DID_099,VID_013,RID_019,2024-01-21 04:34:00,2024-01-21 12:20:48,7.78,47.86,Completed
TID_0088,DID_045,VID_017,RID_004,2024-01-29 17:35:00,2024-01-29 23:56:00,6.35,-23.85,Delayed
TID_0089,DID_034,VID_046,RID_008,2024-01-12 14:41:00,2024-01-13 14:50:36,24.16,44.91,Completed
TID_0090,DID_041,VID_020,RID_015,2024-01-20 09:26:00,2024-01-20 14:48:48,5.38,33.87,Completed
TID_0091,DID_060,VID_023,RID_028,2024-03-01 01:45:00,2024-03-01 11:38:24,9.89,53.97,Completed
TID_0092,DID_092,VID_023,RID_036,2024-03-13 03:04:00,2024-03-13 08:48:24,5.74,46.05,Completed
TID_0093,DID_009,VID_043,RID_010,2024-02-02 02:53:00,2024-02-02 09:48:12,6.92,33.67,Completed
TID_0094,DID_025,VID_047,RID_039,2024-03-03 20:20:00,2024-03-04 08:38:00,12.3,64.01,Delayed
TID_0095,DID_014,VID_016,RID_038,2024-01-28 16:10:00,2024-01-29 08:43:36,16.56,53.56,Completed
TID_0096,DID_053,VID_022,RID_013,2024-03-31 15:34:00,2024-04-01 03:58:00,12.4,65.06,Completed
TID_0097,DID_028,VID_049,RID_001,2024-03-07 22:09:00,2024-03-08 09:53:24,11.74,56.61,Completed
TID_0098,DID_033,VID_023,RID_012,2024-03-26 10:45:00,2024-03-26 17:40:12,6.92,49.4,Completed
TID_0099,DID_082,VID_014,RID_018,2024-01-20 20:33:00,2024-01-21 15:27:00,18.9,38.08,Delayed
TID_0100,DID_004,VID_047,RID_027,2024-03-27 18:27:00,2024-03-28 04:30:00,10.05,47.2,Completed
TID_0101,DID_088,VID_003,RID_002,2024-01-21 19:57:00,2024-01-22 18:37:12,22.67,30.4,
TID_0102,DID_088,VID_031,RID_024,2024-02-07 15:31:00,2024-02-08 08:44:48,17.23,45.62,Completed
TID_0103,DID_056,VID_017,RID_015,2024-01-07 10:31:00,2024-01-07 16:38:12,6.12,-23.46,Delayed
TID_0104,DID_004,VID_008,RID_006,2024-01-01 18:01:00,2024-01-01 23:21:24,5.34,37.75,Completed
TID_0105,DID_100,VID_037,RID_038,2024-02-10 16:55:00,2024-02-11 08:38:48,15.73,41.54,Completed
TID_0106,DID_032,VID_020,RID_001,2024-01-13 20:36:00,2024-01-14 10:22:12,13.77,34.04,Completed
TID_0107,DID_083,VID_026,RID_028,2024-03-01 06:34:00,2024-03-01 18:19:00,11.75,57.5,Completed
TID_0108,DID_010,VID_050,RID_006,2024-03-22 10:34:00,2024-03-22 16:00:24,5.44,51.39,Completed
TID_0109,INVALID_DID,VID_035,RID_020,2024-03-21 20:40:00,2024-03-22 09:10:00,12.5,52.43,Completed
TID_0110,DID_089,VID_029,RID_005,2024-01-10 10:32:00,2024-01-10 19:30:48,8.98,65.11,Completed
TID_0111,DID_097,VID_011,RID_002,2024-02-09 01:52:00,2024-02-10 05:04:00,27.2,25.78,Delayed
TID_0112,DID_015,VID_042,RID_027,2024-01-10 18:08:00,2024-01-11 01:29:36,7.36,61.3,Delayed
TID_0113,DID_065,VID_043,RID_021,2024-03-29 22:33:00,2024-03-30 12:46:48,14.23,40.0,Completed
TID_0114,DID_045,VID_050,RID_014,2024-02-01 06:50:00,2024-02-01 13:00:48,6.18,41.21,Delayed
TID_0115,DID_076,VID_028,RID_006,2024-01-28 10:16:00,2024-01-28 17:00:24,6.74,35.83,Completed
TID_0116,DID_056,VID_017,RID_026,2024-01-11 02:12:00,2024-01-11 02:12:00,15.45,-22.53,Completed
TID_0117,DID_077,VID_030,RID_013,2024-02-26 08:16:00,2024-02-26 20:08:12,11.87,25.24,Delayed
TID_0118,DID_078,VID_047,RID_039,2024-03-20 04:48:00,2024-03-20 19:46:48,14.98,40.86,Delayed
TID_0119,DID_084,VID_001,RID_013,2024-03-03 00:09:00,2024-03-03 12:33:00,12.4,47.64,Completed
TID_0120,DID_065,VID_025,RID_010,2024-01-23 02:43:00,2024-01-23 09:14:12,6.52,59.43,Completed
TID_0121,DID_067,VID_034,RID_037,2024-02-29 11:45:00,2024-02-29 20:55:48,9.18,63.7,Completed
TID_0122,DID_022,VID_007,RID_017,2024-01-11 07:02:00,2024-01-12 04:23:00,21.35,41.89,Completed
TID_0123,DID_012,VID_006,RID_022,2024-03-08 15:44:00,2024-03-09 04:57:48,13.23,39.7,Delayed
TID_0124,DID_053,VID_030,RID_040,2024-02-21 04:18:00,2024-02-21 10:12:36,5.91,42.92,Completed
TID_0125,DID_064,VID_030,RID_021,2024-01-14 13:20:00,2024-01-15 01:08:36,11.81,39.53,Completed
TID_0126,DID_082,VID_018,RID_040,2024-02-23 09:53:00,2024-02-23 17:57:48,8.08,62.44,Completed
TID_0127,DID_074,VID_017,RID_017,2024-03-31 05:57:00,2024-03-31 18:30:36,12.56,-22.45,Delayed
TID_0128,DID_072,VID_010,RID_013,2024-02-21 01:41:00,2024-02-21 10:59:00,9.3,51.01,Completed
TID_0129,DID_021,VID_030,RID_032,2024-01-24 00:43:00,2024-01-24 23:25:36,22.71,39.94,Completed
TID_0130,DID_071,VID_011,RID_001,2024-01-12 02:08:00,2024-01-12 12:21:48,10.23,26.62,Completed
TID_0131,DID_043,VID_005,RID_004,2024-02-11 06:21:00,2024-02-11 11:49:48,5.48,65.54,Completed
TID_0132,DID_100,VID_005,RID_034,2024-02-10 19:33:00,2024-02-11 04:47:24,9.24,66.59,Completed
TID_0133,DID_076,VID_022,RID_022,2024-01-20 15:29:00,2024-01-21 06:07:24,14.64,51.83,Delayed
TID_0134,DID_045,VID_008,RID_002,2024-02-19 20:32:00,2024-02-20 18:44:00,22.2,44.25,
TID_0135,DID_010,VID_012,RID_026,2024-01-09 01:38:00,2024-01-09 17:55:24,16.29,65.82,Delayed
TID_0136,DID_039,VID_041,RID_001,2024-03-22 11:37:00,2024-03-22 22:38:12,11.02,25.37,Completed
TID_0137,DID_100,VID_014,RID_014,2024-01-25 17:26:00,2024-01-26 01:30:48,8.08,36.34,Delayed
TID_0138,DID_021,VID_008,RID_023,2024-01-29 02:59:00,2024-01-29 16:41:00,13.7,45.08,Completed
TID_0139,DID_056,VID_013,RID_027,2024-01-25 16:57:00,2024-01-26 02:31:48,9.58,26.09,Completed
TID_0140,DID_026,VID_011,RID_033,2024-02-24 02:52:00,2024-02-24 18:34:00,15.7,30.87,Completed
TID_0141,DID_048,VID_029,RID_039,2024-03-15 07:56:00,2024-03-15 19:42:12,11.77,65.08,Completed
TID_0142,DID_006,VID_006,RID_024,2024-01-21 22:17:00,2024-01-22 15:12:48,16.93,61.9,Completed
TID_0143,DID_089,VID_026,RID_009,2024-01-14 20:54:00,2024-01-15 09:51:36,12.96,36.16,Delayed
TID_0144,DID_082,VID_044,RID_033,2024-01-02 23:29:00,2024-01-03 10:07:24,10.64,66.26,Completed
TID_0145,DID_089,VID_020,RID_015,2024-03-17 17:14:00,2024-03-17 23:36:12,6.37,35.58,Delayed
TID_0146,DID_029,VID_047,RID_017,2024-03-01 11:51:00,2024-03-02 02:34:12,14.72,49.63,Delayed
TID_0147,DID_026,VID_035,RID_033,2024-01-14 00:39:00,2024-01-14 13:12:36,12.56,41.4,Completed
TID_0148,DID_045,VID_003,RID_004,2024-01-10 09:34:00,2024-01-10 16:40:00,7.1,47.16,Completed
TID_0149,DID_032,VID_050,RID_008,2024-03-10 17:52:00,2024-03-11 15:23:48,21.53,50.36,Completed
TID_0150,DID_075,VID_047,RID_033,2024-03-30 14:05:00,2024-03-31 04:21:12,14.27,64.7,Delayed
TID_0151,DID_043,VID_047,RID_023,2024-03-02 18:42:00,2024-03-03 06:24:36,11.71,40.02,Completed
TID_0152,DID_030,VID_004,RID_025,2024-01-28 22:04:00,2024-01-29 08:54:24,10.84,53.65,Delayed
TID_0153,DID_034,VID_012,RID_009,2024-03-19 15:14:00,2024-03-20 03:11:36,11.96,57.37,Completed
TID_0154,DID_074,VID_029,RID_022,2024-01-04 00:25:00,2024-01-04 12:42:24,12.29,63.37,Completed
TID_0155,DID_061,VID_042,RID_002,2024-03-19 17:24:00,2024-03-20 10:24:00,17.0,60.31,Completed
TID_0156,DID_019,VID_042,RID_028,2024-02-01 11:06:00,2024-02-01 19:46:48,8.68,69.6,Delayed
TID_0157,DID_078,VID_043,RID_027,2024-02-14 06:10:00,2024-02-14 12:08:12,5.97,30.86,Completed
TID_0158,DID_028,VID_030,RID_017,2024-01-30 13:18:00,2024-01-31 06:43:48,17.43,40.78,Completed
TID_0159,DID_024,VID_043,RID_016,2024-03-20 00:16:00,2024-03-20 20:34:00,20.3,46.05,
TID_0160,DID_075,VID_044,RID_025,2024-01-05 11:14:00,2024-01-05 18:17:36,7.06,37.51,Delayed
TID_0161,DID_054,VID_005,RID_036,2024-02-28 07:52:00,2024-02-28 14:35:12,6.72,64.15,Completed
TID_0162,DID_085,VID_047,RID_003,2024-02-27 07:22:00,2024-02-28 00:40:00,17.3,42.33,Completed
TID_0163,DID_069,VID_011,RID_001,2024-03-29 13:06:00,2024-03-30 00:39:00,11.55,28.47,Delayed
TID_0164,DID_057,VID_009,RID_018,2024-02-29 10:21:00,2024-03-01 05:15:00,18.9,61.86,Delayed
TID_0165,DID_037,VID_032,RID_005,2024-01-12 17:09:00,2024-01-13 02:18:36,9.16,49.73,Completed
TID_0166,DID_080,VID_002,RID_007,2024-01-11 21:19:00,2024-01-11 14:43:36,-6.59,66.59,Completed
TID_0167,DID_022,VID_036,RID_038,2024-02-14 10:35:00,2024-02-15 10:11:00,23.6,43.73,Completed
TID_0168,DID_028,VID_034,RID_023,2024-03-25 03:11:00,2024-03-25 13:34:24,10.39,67.36,Completed
TID_0169,DID_039,VID_042,RID_031,2024-01-13 17:04:00,2024-01-14 02:18:24,9.24,45.46,Completed
TID_0170,DID_083,VID_012,RID_033,2024-01-21 11:31:00,2024-01-21 11:31:00,9.37,49.5,Completed
TID_0171,DID_019,VID_020,RID_010,2024-03-17 12:29:00,2024-03-17 20:58:24,8.49,35.41,Completed
TID_0172,DID_026,VID_031,RID_017,2024-01-09 07:01:00,2024-01-09 21:44:12,14.72,38.24,Completed
TID_0173,DID_094,VID_030,RID_010,2024-02-04 10:04:00,2024-02-04 19:26:48,9.38,41.92,Delayed
TID_0174,DID_013,VID_023,RID_033,2024-01-16 11:11:00,2024-01-16 21:39:12,10.47,58.54,Completed
TID_0175,DID_013,VID_004,RID_038,2024-02-11 20:43:00,2024-02-12 14:11:48,17.48,57.85,Completed
TID_0176,DID_038,VID_012,RID_005,2024-03-22 04:43:00,2024-03-22 11:39:24,6.94,43.96,Completed
TID_0177,DID_045,VID_040,RID_002,2024-02-28 03:23:00,2024-02-29 00:18:12,20.92,69.91,Completed
TID_0178,DID_046,VID_015,RID_039,2024-02-10 23:46:00,2024-02-11 11:32:12,11.77,44.55,Completed
TID_0179,DID_027,VID_029,RID_027,2024-02-12 10:22:00,2024-02-12 10:22:00,9.36,56.89,Delayed
TID_0180,INVALID_DID,VID_004,RID_023,2024-02-22 19:29:00,2024-02-23 10:27:48,14.98,34.69,Completed
TID_0181,DID_067,VID_049,RID_007,2024-01-24 11:34:00,2024-01-24 06:16:36,-5.29,54.95,Completed
TID_0182,DID_025,VID_010,RID_001,2024-01-11 05:02:00,2024-01-11 18:32:36,13.51,50.53,Delayed
TID_0183,DID_057,VID_033,RID_022,2024-02-17 14:07:00,2024-02-18 07:19:00,17.2,34.36,Completed
TID_0184,DID_049,VID_040,RID_031,2024-03-15 07:55:00,2024-03-15 15:46:00,7.85,69.39,Delayed
TID_0185,DID_073,VID_002,RID_004,2024-03-18 03:02:00,2024-03-18 08:52:24,5.84,60.29,Delayed
TID_0186,DID_032,VID_034,RID_003,2024-02-09 15:03:00,2024-02-10 13:09:36,22.11,38.45,Completed
TID_0187,DID_085,VID_041,RID_026,2024-01-17 09:57:00,2024-01-18 02:14:24,16.29,28.37,Completed
TID_0188,DID_078,VID_031,RID_006,2024-02-01 13:45:00,2024-02-01 18:45:00,5.0,37.2,Delayed
TID_0189,DID_035,VID_049,RID_039,2024-03-31 05:14:00,2024-03-31 17:32:00,12.3,56.31,Completed
TID_0190,DID_029,VID_012,RID_025,2024-01-06 11:15:00,2024-01-06 19:16:48,8.03,37.66,Completed
TID_0191,DID_085,VID_016,RID_004,2024-03-06 13:49:00,2024-03-06 20:03:24,6.24,53.07,Completed
TID_0192,DID_047,VID_043,RID_018,2024-01-05 09:49:00,2024-01-06 05:02:48,19.23,36.71,Delayed
TID_0193,DID_067,VID_049,RID_004,2024-03-05 06:05:00,2024-03-05 11:44:36,5.66,52.88,Delayed
TID_0194,DID_039,VID_034,RID_005,2024-02-28 17:32:00,2024-02-29 04:26:00,10.9,50.39,Completed
TID_0195,DID_074,VID_030,RID_006,2024-03-23 03:42:00,2024-03-23 08:57:00,5.25,25.82,Completed
TID_0196,DID_046,VID_028,RID_032,2024-02-06 20:25:00,2024-02-07 11:01:00,14.6,46.66,Completed
TID_0197,DID_064,VID_007,RID_013,2024-03-21 03:01:00,2024-03-21 13:57:24,10.94,43.61,Delayed
TID_0198,DID_092,VID_036,RID_021,2024-01-16 11:56:00,2024-01-17 02:09:48,14.23,41.78,Completed
TID_0199,DID_080,VID_043,RID_031,2024-01-17 13:34:00,2024-01-17 22:48:24,9.24,34.75,Completed
TID_0200,DID_020,VID_028,RID_011,2024-01-05 17:43:00,2024-01-06 04:22:00,10.65,26.99,Delayed
TID_0201,DID_059,VID_047,RID_038,2024-03-19 22:10:00,2024-03-20 13:08:48,14.98,40.63,Completed
TID_0202,DID_044,VID_034,RID_014,2024-01-30 04:49:00,2024-01-30 12:03:24,7.24,68.22,Completed
TID_0203,DID_052,VID_002,RID_037,2024-02-14 10:38:00,2024-02-14 20:38:00,10.0,61.12,Completed
TID_0204,DID_044,VID_016,RID_023,2024-01-01 15:15:00,2024-01-02 05:53:24,14.64,61.77,Completed
TID_0205,DID_024,VID_050,RID_002,2024-03-10 08:34:00,2024-03-11 08:44:48,24.18,43.1,Completed
TID_0206,DID_061,VID_019,RID_013,2024-02-08 21:41:00,2024-02-09 06:59:00,9.3,60.97,Delayed
TID_0207,DID_065,VID_040,RID_021,2024-03-10 08:40:00,2024-03-10 17:36:24,8.94,56.35,Delayed
TID_0208,DID_060,VID_037,RID_005,2024-03-10 11:03:00,2024-03-10 17:53:24,6.84,31.72,Completed
TID_0209,DID_068,VID_039,RID_005,2024-01-04 12:38:00,2024-01-04 23:17:00,10.65,46.81,Completed
TID_0210,DID_023,VID_038,RID_035,2024-02-08 08:55:00,2024-02-08 20:07:00,11.2,58.7,
TID_0211,DID_054,VID_017,RID_001,2024-01-14 07:53:00,2024-01-14 20:40:24,12.79,-16.21,Completed
TID_0212,DID_089,VID_048,RID_013,2024-03-14 17:46:00,2024-03-15 07:22:36,13.61,39.52,Completed
TID_0213,DID_100,VID_032,RID_030,2024-01-18 16:37:00,2024-01-18 23:49:36,7.21,32.06,Completed
TID_0214,DID_063,VID_013,RID_025,2024-03-24 15:05:00,2024-03-25 02:11:00,11.1,28.65,Completed
TID_0215,DID_005,VID_009,RID_029,2024-01-15 04:37:00,2024-01-15 00:40:00,-3.95,48.0,Completed
TID_0216,DID_067,VID_021,RID_034,2024-03-13 12:17:00,2024-03-13 23:55:24,11.64,38.49,Completed
TID_0217,DID_091,VID_024,RID_012,2024-01-19 07:02:00,2024-01-19 12:57:48,5.93,69.36,Completed
TID_0218,DID_002,VID_011,RID_040,2024-03-18 11:43:00,2024-03-18 19:38:12,7.92,48.0,Completed
TID_0219,DID_037,VID_018,RID_029,2024-03-28 20:43:00,2024-03-28 18:14:48,-2.47,36.3,Completed
TID_0220,INVALID_DID,VID_043,RID_014,2024-02-08 02:52:00,2024-02-08 09:19:36,6.46,49.24,Completed
TID_0221,INVALID_DID,VID_007,RID_005,2024-01-07 18:28:00,2024-01-07 18:28:00,7.05,25.72,Completed
TID_0222,DID_051,VID_024,RID_015,2024-03-01 01:40:00,2024-03-01 07:33:24,5.89,69.62,Completed
TID_0223,DID_072,VID_022,RID_028,2024-03-15 20:04:00,2024-03-16 10:10:00,14.1,48.98,Completed
TID_0224,DID_008,VID_027,RID_039,2024-02-14 08:40:00,2024-02-15 00:49:36,16.16,49.51,Completed
TID_0225,DID_034,VID_008,RID_030,2024-02-23 03:06:00,2024-02-23 11:48:36,8.71,38.36,Delayed
TID_0226,DID_033,VID_028,RID_026,2024-02-18 09:17:00,2024-02-19 01:34:24,16.29,41.47,Delayed
TID_0227,DID_068,VID_019,RID_034,2024-03-26 17:23:00,2024-03-27 02:28:24,9.09,64.29,Completed
TID_0228,DID_028,VID_033,RID_026,2024-01-31 12:22:00,2024-02-01 05:56:12,17.57,50.62,Completed
TID_0229,DID_068,VID_044,RID_025,2024-02-12 00:19:00,2024-02-12 07:50:12,7.52,51.78,Delayed
TID_0230,DID_017,VID_001,RID_008,2024-01-12 05:54:00,2024-01-12 05:54:00,25.19,25.04,Completed
TID_0231,DID_092,VID_022,RID_014,2024-03-17 05:22:00,2024-03-17 14:41:48,9.33,63.58,Delayed
TID_0232,DID_083,VID_031,RID_020,2024-03-28 06:15:00,2024-03-28 17:26:24,11.19,59.23,Completed
TID_0233,DID_055,VID_010,RID_032,2024-01-07 11:28:00,2024-01-08 02:56:48,15.48,52.4,
TID_0234,DID_050,VID_008,RID_040,2024-03-09 01:44:00,2024-03-09 08:01:24,6.29,36.7,Completed
TID_0235,DID_083,VID_050,RID_038,2024-03-18 07:11:00,2024-03-18 07:11:00,15.73,37.3,Completed
TID_0236,DID_007,VID_021,RID_005,2024-03-20 16:08:00,2024-03-21 03:02:00,10.9,63.59,Delayed
TID_0237,DID_004,VID_050,RID_029,2024-03-22 03:16:00,2024-03-21 23:30:24,-3.76,39.76,Completed
TID_0238,DID_082,VID_048,RID_022,2024-01-12 09:56:00,2024-01-13 00:34:24,14.64,43.86,Delayed
TID_0239,DID_037,VID_044,RID_015,2024-01-27 00:32:00,2024-01-27 06:32:00,6.0,50.51,Completed
TID_0240,DID_086,VID_007,RID_024,2024-03-07 02:09:00,2024-03-07 17:29:24,15.34,33.52,Delayed
TID_0241,DID_021,VID_050,RID_020,2024-01-01 16:31:00,2024-01-02 07:31:00,15.0,32.79,Completed
TID_0242,DID_072,VID_032,RID_014,2024-01-02 10:05:00,2024-01-02 18:00:12,7.92,34.6,Completed
TID_0243,DID_070,VID_037,RID_029,2024-02-17 09:36:00,2024-02-17 07:14:24,-2.36,31.43,Completed
TID_0244,DID_063,VID_030,RID_030,2024-01-07 19:02:00,2024-01-08 04:07:24,9.09,37.95,Delayed
TID_0245,DID_037,VID_049,RID_007,2024-03-06 09:52:00,2024-03-06 03:52:00,-6.0,47.64,Completed
TID_0246,DID_056,VID_023,RID_029,2024-02-15 09:41:00,2024-02-15 07:08:00,-2.55,30.34,Completed
TID_0247,DID_054,VID_022,RID_034,2024-03-04 16:38:00,2024-03-05 02:10:24,9.54,57.35,Completed
TID_0248,DID_043,VID_037,RID_022,2024-01-06 17:02:00,2024-01-07 04:41:36,11.66,37.97,Delayed
TID_0249,DID_033,VID_048,RID_007,2024-02-16 10:46:00,2024-02-16 06:20:12,-4.43,31.7,Completed
TID_0250,DID_015,VID_042,RID_028,2024-01-02 02:25:00,2024-01-02 11:31:00,9.1,53.01,Completed
TID_0251,DID_061,VID_003,RID_008,2024-01-02 11:35:00,2024-01-03 11:44:36,24.16,30.2,Completed
TID_0252,DID_081,VID_022,RID_033,2024-02-25 19:23:00,2024-02-26 06:01:24,10.64,48.28,Completed
TID_0253,DID_021,VID_019,RID_023,2024-03-31 14:12:00,2024-04-01 03:54:00,13.7,38.14,Completed
TID_0254,DID_012,VID_045,RID_013,2024-01-24 22:50:00,2024-01-25 10:27:12,11.62,32.18,Completed
TID_0255,DID_085,VID_021,RID_012,2024-01-26 03:21:00,2024-01-26 08:05:24,4.74,64.83,Delayed
TID_0256,DID_015,VID_041,RID_023,2024-02-27 22:03:00,2024-02-28 07:15:00,9.2,36.21,Completed
TID_0257,DID_023,VID_044,RID_022,2024-03-23 06:05:00,2024-03-23 17:44:36,11.66,69.56,Completed
TID_0258,DID_055,VID_044,RID_008,2024-01-07 01:36:00,2024-01-07 18:45:36,17.16,47.11,Completed
TID_0259,DID_075,VID_032,RID_038,2024-03-22 15:11:00,2024-03-23 12:09:48,20.98,33.28,Completed
TID_0260,DID_100,VID_014,RID_008,2024-01-31 02:37:00,2024-01-31 21:43:00,19.1,69.65,Delayed
TID_0261,DID_070,VID_022,RID_032,2024-02-12 02:04:00,2024-02-12 20:19:00,18.25,46.6,Delayed
TID_0262,DID_060,VID_040,RID_017,2024-03-04 03:37:00,2024-03-04 20:02:12,16.42,41.24,Completed
TID_0263,DID_046,VID_048,RID_038,2024-01-20 09:38:00,2024-01-20 23:30:48,13.88,29.23,Delayed
TID_0264,DID_034,VID_014,RID_011,2024-02-05 03:17:00,2024-02-05 13:01:24,9.74,38.67,Delayed
TID_0265,DID_075,VID_050,RID_031,2024-01-25 03:34:00,2024-01-25 09:35:48,6.03,55.45,Delayed
TID_0266,DID_079,VID_015,RID_016,2024-01-08 16:15:00,2024-01-09 07:38:24,15.39,50.02,Completed
TID_0267,DID_087,VID_012,RID_033,2024-01-03 09:19:00,2024-01-03 22:58:00,13.65,47.4,Completed
TID_0268,DID_027,VID_031,RID_032,2024-01-28 18:43:00,2024-01-29 09:31:36,14.81,68.87,Completed
TID_0269,DID_021,VID_035,RID_027,2024-02-17 06:14:00,2024-02-17 16:17:00,10.05,37.1,Completed
TID_0270,DID_071,VID_039,RID_038,2024-02-05 14:38:00,2024-02-06 08:26:36,17.81,38.17,Delayed
TID_0271,DID_012,VID_046,RID_039,2024-02-18 05:34:00,2024-02-18 20:49:36,15.26,57.61,Completed
TID_0272,DID_084,VID_048,RID_020,2024-03-04 19:48:00,2024-03-05 07:54:00,12.1,39.79,Delayed
TID_0273,DID_024,VID_033,RID_036,2024-01-25 19:54:00,2024-01-26 04:22:48,8.48,43.61,Delayed
TID_0274,DID_070,VID_026,RID_014,2024-03-14 23:12:00,2024-03-15 06:26:24,7.24,65.38,Delayed
TID_0275,INVALID_DID,VID_032,RID_030,2024-03-02 15:32:00,2024-03-02 22:03:48,6.53,37.55,Completed
TID_0276,DID_052,VID_022,RID_003,2024-03-23 19:17:00,2024-03-24 20:41:00,25.4,69.86,Completed
TID_0277,DID_069,VID_032,RID_017,2024-03-28 03:44:00,2024-03-28 22:18:12,18.57,43.76,Completed
TID_0278,DID_045,VID_017,RID_032,2024-02-15 14:50:00,2024-02-16 15:45:48,24.93,-22.57,Delayed
TID_0279,DID_083,VID_018,RID_031,2024-03-24 05:23:00,2024-03-24 12:33:12,7.17,53.93,Completed
TID_0280,DID_031,VID_021,RID_019,2024-03-15 20:24:00,2024-03-16 01:57:36,5.56,46.73,Completed
TID_0281,DID_071,VID_011,RID_005,2024-03-08 19:10:00,2024-03-09 03:58:36,8.81,41.11,Completed
TID_0282,INVALID_DID,VID_049,RID_022,2024-03-10 13:29:00,2024-03-11 01:20:36,11.86,41.26,Completed
TID_0283,DID_088,VID_050,RID_021,2024-03-16 20:15:00,2024-03-17 07:50:24,11.59,55.56,Completed
TID_0284,DID_052,VID_045,RID_034,2024-03-20 13:45:00,2024-03-20 22:59:24,9.24,43.67,Completed
TID_0285,INVALID_DID,VID_015,RID_006,2024-03-11 04:52:00,2024-03-11 09:38:12,4.77,43.07,Completed
TID_0286,DID_004,VID_024,RID_023,2024-01-15 17:29:00,2024-01-16 02:48:48,9.33,57.96,Completed
TID_0287,DID_058,VID_027,RID_037,2024-02-12 08:34:00,2024-02-12 16:48:24,8.24,48.01,Completed
TID_0288,DID_036,VID_045,RID_006,2024-01-03 09:13:00,2024-01-03 16:06:24,6.89,31.6,Completed
TID_0289,DID_023,VID_014,RID_025,2024-03-03 06:42:00,2024-03-03 17:32:24,10.84,60.75,Completed
TID_0290,DID_063,VID_017,RID_037,2024-02-14 12:50:00,2024-02-14 22:00:48,9.18,-26.9,Completed
TID_0291,DID_012,VID_035,RID_036,2024-03-07 17:03:00,2024-03-07 22:17:24,5.24,64.14,Completed
TID_0292,DID_042,VID_047,RID_013,2024-02-27 00:33:00,2024-02-27 08:45:36,8.21,65.05,Completed
TID_0293,DID_094,VID_040,RID_008,2024-01-21 08:54:00,2024-01-22 07:14:24,22.34,45.27,Completed
TID_0294,DID_085,VID_012,RID_037,2024-03-28 16:19:00,2024-03-29 04:45:24,12.44,41.47,Delayed
TID_0295,DID_077,VID_019,RID_040,2024-02-03 12:39:00,2024-02-03 21:39:00,9.0,56.31,Completed
TID_0296,DID_096,VID_022,RID_016,2024-01-13 20:32:00,2024-01-14 19:48:12,23.27,53.72,Delayed
TID_0297,DID_024,VID_014,RID_008,2024-01-24 05:21:00,2024-01-25 03:16:48,21.93,42.5,Completed
TID_0298,DID_047,VID_045,RID_027,2024-03-26 08:56:00,2024-03-26 16:17:36,7.36,43.86,Delayed
TID_0299,DID_018,VID_035,RID_016,2024-03-28 08:03:00,2024-03-29 04:21:00,20.3,63.56,Completed
TID_0300,DID_092,VID_010,RID_030,2024-01-24 00:32:00,2024-01-24 08:34:24,8.04,64.44,Completed
TID_0301,DID_053,VID_041,RID_026,2024-01-28 19:32:00,2024-01-29 08:54:12,13.37,45.58,Completed
TID_0302,DID_094,VID_019,RID_019,2024-01-12 11:51:00,2024-01-12 18:19:48,6.48,55.36,Delayed
TID_0303,DID_040,VID_025,RID_029,2024-03-15 18:50:00,2024-03-15 14:59:00,-3.85,57.65,Completed
TID_0304,DID_076,VID_041,RID_022,2024-03-21 21:32:00,2024-03-22 13:10:24,15.64,36.16,Completed
TID_0305,DID_078,VID_028,RID_005,2024-03-19 07:09:00,2024-03-19 14:18:36,7.16,30.56,Completed
TID_0306,INVALID_DID,VID_034,RID_021,2024-03-09 13:00:00,2024-03-10 02:19:12,13.32,52.37,Delayed
TID_0307,DID_039,VID_015,RID_032,2024-03-30 21:00:00,2024-03-31 14:19:12,17.32,36.66,Completed
TID_0308,DID_062,VID_045,RID_001,2024-01-18 10:16:00,2024-01-18 20:38:48,10.38,30.04,Delayed
TID_0309,DID_075,VID_009,RID_009,2024-01-02 21:39:00,2024-01-03 10:05:24,12.44,41.56,Completed
TID_0310,DID_086,VID_038,RID_023,2024-01-22 15:16:00,2024-01-23 05:16:00,14.0,35.64,Completed
TID_0311,DID_042,VID_031,RID_011,2024-01-10 18:55:00,2024-01-11 03:05:48,8.18,59.25,Completed
TID_0312,DID_012,VID_015,RID_019,2024-01-10 03:29:00,2024-01-10 08:57:12,5.47,37.83,Delayed
TID_0313,DID_010,VID_043,RID_005,2024-03-27 19:28:00,2024-03-28 05:00:24,9.54,49.81,Completed
TID_0314,DID_007,VID_044,RID_029,2024-02-17 03:03:00,2024-02-17 00:37:12,-2.43,63.86,Completed
TID_0315,DID_086,VID_025,RID_001,2024-03-04 12:03:00,2024-03-04 23:47:24,11.74,35.43,Delayed
TID_0316,DID_008,VID_008,RID_024,2024-02-11 21:10:00,2024-02-12 18:31:00,21.35,41.95,Completed
TID_0317,DID_013,VID_001,RID_024,2024-03-05 07:20:00,2024-03-05 22:12:48,14.88,49.55,Completed
TID_0318,DID_003,VID_013,RID_021,2024-02-07 12:10:00,2024-02-08 00:12:24,12.04,42.62,Completed
TID_0319,DID_056,VID_001,RID_024,2024-02-20 05:09:00,2024-02-20 21:31:12,16.37,47.14,Completed
TID_0320,DID_079,VID_015,RID_023,2024-01-28 16:54:00,2024-01-29 02:06:00,9.2,44.66,Completed
TID_0321,DID_002,VID_049,RID_005,2024-03-25 14:48:00,2024-03-25 22:42:00,7.9,54.6,Completed
TID_0322,DID_033,VID_050,RID_018,2024-03-29 12:17:00,2024-03-30 12:38:36,24.36,50.7,Delayed
TID_0323,DID_087,VID_001,RID_017,2024-01-21 12:23:00,2024-01-22 03:38:00,15.25,31.11,Completed
TID_0324,INVALID_DID,VID_004,RID_005,2024-01-03 04:01:00,2024-01-03 10:39:24,6.64,54.48,Completed
TID_0325,DID_035,VID_025,RID_039,2024-01-06 09:15:00,2024-01-07 05:21:00,20.1,61.7,Delayed
TID_0326,DID_036,VID_050,RID_024,2024-01-06 02:05:00,2024-01-06 18:27:12,16.37,51.84,Completed
TID_0327,DID_084,VID_032,RID_023,2024-03-05 01:31:00,2024-03-05 17:13:36,15.71,34.38,Completed
TID_0328,DID_093,VID_006,RID_015,2024-01-09 03:04:00,2024-01-09 10:09:24,7.09,49.93,Completed
TID_0329,DID_056,VID_011,RID_002,2024-03-03 23:00:00,2024-03-04 14:46:12,15.77,33.22,Delayed
TID_0330,DID_033,VID_039,RID_022,2024-03-29 01:11:00,2024-03-29 17:33:48,16.38,66.51,
TID_0331,DID_001,VID_009,RID_039,2024-01-25 08:30:00,2024-01-25 23:12:36,14.71,51.8,Delayed
TID_0332,DID_098,VID_005,RID_038,2024-03-20 22:12:00,2024-03-21 13:40:48,15.48,59.09,Delayed
TID_0333,DID_048,VID_004,RID_011,2024-01-20 22:11:00,2024-01-21 07:55:24,9.74,50.46,Completed
TID_0334,DID_028,VID_034,RID_035,2024-01-19 02:42:00,2024-01-19 15:46:12,13.07,43.1,Completed
TID_0335,DID_040,VID_010,RID_014,2024-02-25 17:25:00,2024-02-26 02:10:00,8.75,39.87,Completed
TID_0336,DID_051,VID_025,RID_036,2024-02-04 20:33:00,2024-02-05 02:01:48,5.48,54.97,
TID_0337,DID_044,VID_008,RID_013,2024-01-13 20:50:00,2024-01-14 05:59:00,9.15,42.94,Completed
TID_0338,DID_001,VID_026,RID_005,2024-02-11 08:27:00,2024-02-11 19:21:00,10.9,43.72,Completed
TID_0339,DID_047,VID_006,RID_022,2024-03-31 21:38:00,2024-04-01 12:16:24,14.64,45.31,Completed
TID_0340,DID_077,VID_031,RID_027,2024-01-10 09:16:00,2024-01-10 15:48:24,6.54,45.8,Completed
TID_0341,DID_063,VID_026,RID_024,2024-01-28 15:44:00,2024-01-28 15:44:00,14.23,49.39,Delayed
TID_0342,DID_004,VID_036,RID_006,2024-02-23 04:42:00,2024-02-23 09:11:24,4.49,30.87,Delayed
TID_0343,DID_074,VID_021,RID_029,2024-03-31 09:43:00,2024-03-31 06:59:48,-2.72,66.98,Completed
TID_0344,DID_039,VID_038,RID_027,2024-01-28 00:09:00,2024-01-28 06:18:00,6.15,44.81,Completed
TID_0345,DID_024,VID_050,RID_019,2024-01-05 03:43:00,2024-01-05 09:27:24,5.74,45.71,Completed
TID_0346,DID_020,VID_003,RID_034,2024-01-03 11:46:00,2024-01-03 22:20:48,10.58,33.08,Completed
TID_0347,DID_084,VID_047,RID_026,2024-03-30 05:23:00,2024-03-30 23:40:24,18.29,50.63,Completed
TID_0348,DID_007,VID_039,RID_011,2024-01-15 14:47:00,2024-01-15 23:45:48,8.98,62.07,Completed
TID_0349,DID_076,VID_011,RID_025,2024-03-03 15:33:00,2024-03-04 01:03:36,9.51,39.69,Delayed
TID_0350,DID_089,VID_013,RID_020,2024-03-03 21:33:00,2024-03-04 10:28:48,12.93,26.6,Completed
TID_0351,DID_017,VID_013,RID_023,2024-03-02 17:27:00,2024-03-03 03:50:24,10.39,43.1,Completed
TID_0352,DID_008,VID_015,RID_004,2024-01-27 20:09:00,2024-01-28 03:15:00,7.1,57.84,Completed
TID_0353,DID_062,VID_025,RID_023,2024-03-09 10:53:00,2024-03-09 20:47:36,9.91,67.7,Completed
TID_0354,DID_043,VID_021,RID_035,2024-03-02 14:24:00,2024-03-03 04:09:00,13.75,44.07,Completed
TID_0355,DID_065,VID_026,RID_015,2024-02-10 11:22:00,2024-02-10 18:17:48,6.93,40.13,Delayed
TID_0356,DID_063,VID_044,RID_010,2024-01-30 20:53:00,2024-01-30 20:53:00,7.5,48.46,Completed
TID_0357,DID_009,VID_014,RID_011,2024-02-11 03:54:00,2024-02-11 11:03:36,7.16,52.8,Completed
TID_0358,DID_006,VID_013,RID_025,2024-01-01 16:25:00,2024-01-01 23:35:12,7.17,33.65,Completed
TID_0359,DID_027,VID_044,RID_008,2024-02-04 12:33:00,2024-02-05 16:04:48,27.53,54.38,Completed
TID_0360,DID_067,VID_028,RID_029,2024-02-24 17:22:00,2024-02-24 13:36:24,-3.76,45.59,Completed
TID_0361,DID_098,VID_005,RID_025,2024-01-08 21:44:00,2024-01-09 06:52:24,9.14,68.0,Completed
TID_0362,DID_044,VID_025,RID_040,2024-01-31 17:57:00,2024-02-01 00:39:36,6.71,68.13,Delayed
TID_0363,DID_092,VID_038,RID_013,2024-03-08 16:51:00,2024-03-08 16:51:00,8.33,35.48,Delayed
TID_0364,DID_093,VID_040,RID_032,2024-03-10 00:34:00,2024-03-10 21:51:24,21.29,58.73,Completed
TID_0365,DID_067,VID_002,RID_005,2024-01-20 05:00:00,2024-01-20 05:00:00,8.64,67.5,Delayed
TID_0366,DID_092,VID_040,RID_034,2024-02-20 09:46:00,2024-02-20 21:24:24,11.64,45.85,
TID_0367,DID_083,VID_038,RID_038,2024-02-05 12:15:00,2024-02-06 05:06:36,16.86,68.65,Completed
TID_0368,DID_034,VID_013,RID_026,2024-01-26 10:46:00,2024-01-27 01:27:24,14.69,44.2,Delayed
TID_0369,DID_063,VID_025,RID_015,2024-02-01 16:17:00,2024-02-01 20:48:12,4.52,66.22,Completed
TID_0370,DID_056,VID_033,RID_019,2024-03-12 10:27:00,2024-03-12 18:13:48,7.78,35.17,Completed
TID_0371,DID_092,VID_021,RID_020,2024-02-03 17:05:00,2024-02-04 11:50:00,18.75,51.8,Delayed
TID_0372,DID_058,VID_043,RID_025,2024-02-03 02:56:00,2024-02-03 11:06:48,8.18,38.89,Completed
TID_0373,DID_058,VID_032,RID_033,2024-03-21 01:21:00,2024-03-21 14:25:48,13.08,47.03,Completed
TID_0374,DID_027,VID_024,RID_029,2024-02-21 14:50:00,2024-02-21 11:19:24,-3.51,44.23,Delayed
TID_0375,DID_068,VID_043,RID_003,2024-02-21 06:13:00,2024-02-21 06:13:00,19.26,42.01,Completed
TID_0376,DID_003,VID_026,RID_004,2024-01-17 04:03:00,2024-01-17 09:18:00,5.25,62.73,Completed
TID_0377,DID_080,VID_003,RID_020,2024-01-03 22:17:00,2024-01-04 16:08:36,17.86,46.05,Completed
TID_0378,DID_028,VID_037,RID_013,2024-03-16 11:09:00,2024-03-16 19:07:12,7.97,39.16,Completed
TID_0379,DID_040,VID_002,RID_040,2024-01-14 20:23:00,2024-01-15 02:17:36,5.91,41.87,Completed
TID_0380,DID_012,VID_003,RID_032,2024-03-26 06:50:00,2024-03-27 07:45:48,24.93,38.0,Completed
TID_0381,DID_018,VID_016,RID_034,2024-03-01 23:04:00,2024-03-02 08:09:24,9.09,48.91,Delayed
TID_0382,DID_100,VID_002,RID_009,2024-02-12 04:17:00,2024-02-12 13:33:48,9.28,65.94,
TID_0383,DID_017,VID_046,RID_036,2024-03-16 07:18:00,2024-03-16 15:02:24,7.74,42.16,Completed
TID_0384,DID_002,VID_045,RID_018,2024-01-14 11:50:00,2024-01-15 10:39:48,22.83,50.31,Completed
TID_0385,DID_060,VID_043,RID_021,2024-01-03 02:32:00,2024-01-03 12:57:48,10.43,48.48,Completed
TID_0386,DID_049,VID_040,RID_011,2024-02-12 05:39:00,2024-02-12 16:18:00,10.65,60.25,Completed
TID_0387,DID_063,VID_032,RID_021,2024-02-10 10:51:00,2024-02-10 22:39:36,11.81,27.37,Completed
TID_0388,DID_011,VID_029,RID_031,2024-03-01 05:55:00,2024-03-01 12:25:00,6.5,42.91,Completed
TID_0389,DID_002,VID_025,RID_010,2024-03-10 10:15:00,2024-03-10 17:16:48,7.03,62.72,Completed
TID_0390,DID_050,VID_049,RID_017,2024-02-19 15:57:00,2024-02-20 05:05:24,13.14,40.03,Completed
TID_0391,DID_062,VID_017,RID_018,2024-01-28 22:36:00,2024-01-29 16:34:12,17.97,-22.26,Completed
TID_0392,DID_068,VID_043,RID_030,2024-01-20 03:38:00,2024-01-20 10:09:48,6.53,27.83,Delayed
TID_0393,DID_011,VID_012,RID_012,2024-01-12 09:52:00,2024-01-12 16:07:36,6.26,37.59,Delayed
TID_0394,DID_064,VID_015,RID_021,2024-02-04 02:00:00,2024-02-04 11:56:24,9.94,38.74,Completed
TID_0395,DID_013,VID_045,RID_003,2024-02-22 09:35:00,2024-02-23 08:59:36,23.41,54.63,Completed
TID_0396,DID_025,VID_027,RID_017,2024-03-27 10:08:00,2024-03-28 00:51:12,14.72,50.27,Delayed
TID_0397,DID_067,VID_026,RID_029,2024-03-27 05:16:00,2024-03-27 02:50:12,-2.43,62.09,Delayed
TID_0398,DID_061,VID_007,RID_005,2024-02-03 01:28:00,2024-02-03 09:13:36,7.76,39.55,Completed
TID_0399,DID_013,VID_038,RID_035,2024-03-19 09:08:00,2024-03-20 03:48:12,18.67,37.0,Completed
TID_0400,DID_016,VID_028,RID_037,2024-01-28 18:43:00,2024-01-29 04:32:12,9.82,46.18,Completed
TID_0401,DID_092,VID_015,RID_035,2024-01-24 11:29:00,2024-01-25 04:54:12,17.42,59.44,Completed
TID_0402,DID_033,VID_015,RID_035,2024-02-14 22:50:00,2024-02-15 10:32:00,11.7,30.38,Completed
TID_0403,DID_091,VID_008,RID_031,2024-02-17 16:21:00,2024-02-18 01:23:24,9.04,47.83,Completed
TID_0404,DID_055,VID_021,RID_008,2024-02-17 18:30:00,2024-02-18 13:00:00,18.5,53.1,Completed
TID_0405,DID_080,VID_002,RID_028,2024-03-09 23:13:00,2024-03-10 09:39:24,10.44,36.63,Completed
TID_0406,DID_017,VID_046,RID_035,2024-03-22 07:41:00,2024-03-22 19:56:00,12.25,33.25,Completed
TID_0407,DID_050,VID_019,RID_037,2024-02-13 05:13:00,2024-02-13 13:13:00,8.0,61.57,Delayed
TID_0408,DID_022,VID_009,RID_034,2024-01-03 23:54:00,2024-01-04 12:33:00,12.65,50.44,Completed
TID_0409,DID_088,VID_007,RID_040,2024-02-10 01:50:00,2024-02-10 09:18:12,7.47,46.74,Completed
TID_0410,DID_022,VID_002,RID_014,2024-03-09 03:53:00,2024-03-09 10:09:12,6.27,64.48,Delayed
TID_0411,DID_065,VID_015,RID_026,2024-03-20 19:00:00,2024-03-21 08:46:48,13.78,58.46,Completed
TID_0412,DID_024,VID_039,RID_018,2024-03-07 15:52:00,2024-03-08 14:14:12,22.37,44.38,Delayed
TID_0413,DID_043,VID_035,RID_021,2024-03-04 22:34:00,2024-03-05 11:20:48,12.78,62.82,Completed
TID_0414,DID_085,VID_033,RID_033,2024-01-21 09:00:00,2024-01-21 20:51:00,11.85,36.92,Completed
TID_0415,DID_021,VID_021,RID_010,2024-01-31 11:32:00,2024-01-31 19:42:48,8.18,61.19,Delayed
TID_0416,DID_033,VID_005,RID_011,2024-03-05 06:51:00,2024-03-05 18:18:00,11.45,50.17,Delayed
TID_0417,DID_094,VID_034,RID_019,2024-03-12 16:20:00,2024-03-13 00:39:48,8.33,36.37,Completed
TID_0418,DID_042,VID_035,RID_002,2024-03-03 19:39:00,2024-03-04 17:51:00,22.2,50.36,Completed
TID_0419,DID_031,VID_046,RID_035,2024-03-16 19:36:00,2024-03-17 07:18:00,11.7,34.8,Completed
TID_0420,DID_093,VID_019,RID_029,2024-01-27 19:27:00,2024-01-27 16:28:12,-2.98,38.77,Delayed
TID_0421,DID_005,VID_042,RID_019,2024-01-10 23:06:00,2024-01-11 04:39:36,5.56,41.12,Delayed
TID_0422,INVALID_DID,VID_044,RID_027,2024-03-19 19:30:00,2024-03-20 05:04:48,9.58,55.29,Completed
TID_0423,DID_072,VID_020,RID_019,2024-03-24 01:47:00,2024-03-24 07:00:12,5.22,39.7,Completed
TID_0424,DID_047,VID_019,RID_017,2024-02-29 17:30:00,2024-03-01 05:42:00,12.2,57.0,Completed
TID_0425,DID_019,VID_007,RID_039,2024-01-24 07:28:00,2024-01-24 21:26:12,13.97,40.2,Completed
TID_0426,DID_019,VID_049,RID_033,2024-02-06 05:55:00,2024-02-06 19:52:36,13.96,33.29,
TID_0427,DID_002,VID_049,RID_034,2024-01-29 21:17:00,2024-01-30 11:29:00,14.2,49.95,Completed
TID_0428,DID_059,VID_001,RID_014,2024-02-17 14:20:00,2024-02-17 20:25:24,6.09,27.4,Delayed
TID_0429,DID_026,VID_047,RID_007,2024-02-01 05:39:00,2024-02-01 00:49:48,-4.82,48.17,Completed
TID_0430,DID_054,VID_001,RID_003,2024-01-19 12:33:00,2024-01-20 06:38:24,18.09,33.29,Delayed
TID_0431,DID_049,VID_006,RID_005,2024-01-26 09:21:00,2024-01-26 16:17:24,6.94,67.36,Completed
TID_0432,DID_070,VID_033,RID_008,2024-01-19 11:02:00,2024-01-20 09:22:24,22.34,58.39,Delayed
TID_0433,DID_085,VID_009,RID_007,2024-01-12 09:18:00,2024-01-12 04:38:24,-4.66,35.62,Completed
TID_0434,DID_074,VID_010,RID_009,2024-01-14 01:54:00,2024-01-14 16:42:36,14.81,54.05,Completed
TID_0435,DID_021,VID_018,RID_002,2024-03-06 21:41:00,2024-03-07 15:48:48,18.13,36.76,Completed
TID_0436,DID_063,VID_002,RID_030,2024-01-16 00:07:00,2024-01-16 07:34:36,7.46,52.43,Delayed
TID_0437,DID_026,VID_016,RID_025,2024-02-04 16:16:00,2024-02-05 01:58:36,9.71,42.94,Completed
TID_0438,DID_068,VID_016,RID_006,2024-02-09 04:08:00,2024-02-09 09:46:24,5.64,53.32,Completed
TID_0439,DID_062,VID_014,RID_005,2024-02-04 13:14:00,2024-02-04 21:33:48,8.33,64.05,Completed
TID_0440,DID_043,VID_014,RID_002,2024-03-20 15:58:00,2024-03-21 13:17:48,21.33,64.36,Delayed
TID_0441,DID_034,VID_014,RID_016,2024-01-02 11:05:00,2024-01-03 04:45:12,17.67,35.78,Delayed
TID_0442,DID_059,VID_012,RID_010,2024-01-17 00:54:00,2024-01-17 08:09:36,7.26,66.29,Completed
TID_0443,DID_029,VID_049,RID_040,2024-01-26 02:11:00,2024-01-26 10:36:48,8.43,45.53,Completed
TID_0444,DID_054,VID_003,RID_036,2024-03-10 08:25:00,2024-03-10 14:33:24,6.14,29.14,Delayed
TID_0445,DID_069,VID_034,RID_017,2024-01-23 12:45:00,2024-01-24 01:18:36,12.56,67.05,Completed
TID_0446,DID_093,VID_012,RID_040,2024-01-26 20:49:00,2024-01-27 04:26:12,7.62,56.16,Completed
TID_0447,DID_014,VID_039,RID_031,2024-03-22 06:54:00,2024-03-22 15:13:12,8.32,61.51,Delayed
TID_0448,DID_023,VID_044,RID_038,2024-02-08 20:18:00,2024-02-09 15:58:12,19.67,63.88,Completed
TID_0449,DID_011,VID_008,RID_032,2024-02-18 15:44:00,2024-02-19 13:01:24,21.29,58.78,Completed
TID_0450,DID_005,VID_008,RID_011,2024-03-29 09:51:00,2024-03-29 18:10:48,8.33,56.67,Completed
TID_0451,DID_066,VID_041,RID_005,2024-03-13 07:52:00,2024-03-13 16:40:36,8.81,39.43,Completed
TID_0452,DID_084,VID_013,RID_004,2024-02-09 04:37:00,2024-02-09 10:51:24,6.24,39.78,Completed
TID_0453,DID_053,VID_045,RID_024,2024-02-18 02:25:00,2024-02-19 01:47:48,23.38,45.41,Completed
TID_0454,DID_049,VID_039,RID_012,2024-01-08 06:09:00,2024-01-08 13:42:00,7.55,57.91,Completed
TID_0455,DID_099,VID_015,RID_021,2024-01-01 09:13:00,2024-01-01 19:09:24,9.94,54.64,Delayed
TID_0456,DID_065,VID_042,RID_011,2024-02-06 04:06:00,2024-02-06 13:04:48,8.98,47.02,Completed
TID_0457,DID_031,VID_049,RID_039,2024-02-12 15:15:00,2024-02-13 03:55:48,12.68,52.31,Delayed
TID_0458,DID_099,VID_002,RID_014,2024-01-14 12:47:00,2024-01-14 19:54:12,7.12,40.11,Completed
TID_0459,DID_035,VID_010,RID_029,2024-02-18 04:46:00,2024-02-18 02:13:00,-2.55,44.5,Delayed
TID_0460,DID_089,VID_027,RID_016,2024-01-29 13:23:00,2024-01-30 12:05:36,22.71,44.11,Completed
TID_0461,DID_097,VID_041,RID_025,2024-01-11 05:41:00,2024-01-11 12:44:36,7.06,27.61,Completed
TID_0462,DID_023,VID_027,RID_027,2024-03-29 01:43:00,2024-03-29 10:07:36,8.41,43.87,Delayed
TID_0463,DID_019,VID_019,RID_039,2024-02-17 12:47:00,2024-02-18 09:23:00,20.6,47.51,Completed
TID_0464,DID_050,VID_047,RID_006,2024-02-08 20:01:00,2024-02-09 02:13:00,6.2,42.64,Completed
TID_0465,DID_090,VID_018,RID_005,2024-01-06 03:09:00,2024-01-06 13:06:36,9.96,51.23,Delayed
TID_0466,DID_058,VID_015,RID_007,2024-03-11 22:59:00,2024-03-11 16:42:12,-6.28,58.06,Completed
TID_0467,DID_088,VID_023,RID_011,2024-01-05 20:45:00,2024-01-06 06:06:00,9.35,46.32,Completed
TID_0468,DID_096,VID_015,RID_027,2024-03-19 05:38:00,2024-03-19 11:52:24,6.24,30.58,Delayed
TID_0469,DID_069,VID_050,RID_038,2024-03-10 10:46:00,2024-03-11 08:13:00,21.45,45.57,Delayed
TID_0470,DID_077,VID_005,RID_020,2024-01-13 23:47:00,2024-01-14 14:12:12,14.42,42.07,Completed
TID_0471,DID_034,VID_037,RID_028,2024-02-04 03:40:00,2024-02-04 14:18:24,10.64,29.64,Completed
TID_0472,DID_094,VID_003,RID_035,2024-01-11 10:36:00,2024-01-12 00:51:00,14.25,38.32,Completed
TID_0473,DID_072,VID_044,RID_017,2024-02-22 09:14:00,2024-02-22 23:27:48,14.23,47.53,Delayed
TID_0474,DID_023,VID_022,RID_009,2024-01-17 11:24:00,2024-01-17 22:42:36,11.31,56.59,Completed
TID_0475,DID_100,VID_015,RID_003,2024-03-08 08:48:00,2024-03-09 02:53:24,18.09,41.62,
TID_0476,DID_037,VID_047,RID_019,2024-03-30 10:04:00,2024-03-30 15:26:48,5.38,41.2,Delayed
TID_0477,DID_091,VID_041,RID_024,2024-01-10 16:13:00,2024-01-11 16:10:00,23.95,31.92,Delayed
TID_0478,DID_078,VID_019,RID_007,2024-01-02 13:28:00,2024-01-02 06:43:00,-6.75,67.83,Completed
TID_0479,DID_025,VID_033,RID_034,2024-03-17 01:23:00,2024-03-17 10:37:24,9.24,33.15,Completed
TID_0480,DID_051,VID_031,RID_012,2024-01-07 08:16:00,2024-01-07 14:46:36,6.51,56.94,Completed
TID_0481,DID_032,VID_001,RID_015,2024-03-25 18:54:00,2024-03-26 01:01:12,6.12,25.79,Completed
TID_0482,DID_012,VID_029,RID_033,2024-02-23 09:42:00,2024-02-23 19:30:36,9.81,42.09,Delayed
TID_0483,DID_002,VID_023,RID_017,2024-03-13 19:07:00,2024-03-14 08:40:36,13.56,54.46,Completed
TID_0484,DID_088,VID_035,RID_004,2024-01-09 17:39:00,2024-01-10 01:52:48,8.23,52.96,Delayed
TID_0485,INVALID_DID,VID_037,RID_016,2024-03-07 00:05:00,2024-03-07 18:05:00,18.0,48.87,Completed
TID_0486,DID_028,VID_042,RID_037,2024-02-09 19:09:00,2024-02-10 07:03:36,11.91,47.12,Completed
TID_0487,DID_088,VID_045,RID_007,2024-01-17 09:59:00,2024-01-17 04:28:24,-5.51,32.52,
TID_0488,DID_065,VID_019,RID_027,2024-02-15 05:54:00,2024-02-15 11:57:36,6.06,54.5,Completed
TID_0489,DID_080,VID_006,RID_024,2024-01-11 08:40:00,2024-01-12 07:30:24,22.84,58.41,Completed
TID_0490,DID_044,VID_017,RID_037,2024-01-08 20:36:00,2024-01-09 08:30:36,11.91,-20.66,Completed
TID_0491,DID_051,VID_007,RID_020,2024-03-27 16:02:00,2024-03-28 05:11:36,13.16,38.72,Completed
TID_0492,DID_022,VID_013,RID_010,2024-01-12 14:47:00,2024-01-12 22:49:24,8.04,43.61,Delayed
TID_0493,DID_064,VID_050,RID_002,2024-03-27 17:50:00,2024-03-28 10:18:48,16.48,55.91,Completed
TID_0494,DID_098,VID_014,RID_021,2024-03-20 17:03:00,2024-03-21 02:23:24,9.34,42.88,Completed
TID_0495,DID_100,VID_027,RID_035,2024-02-01 20:48:00,2024-02-02 10:05:24,13.29,36.4,Completed
TID_0496,DID_026,VID_041,RID_024,2024-03-09 16:26:00,2024-03-10 06:52:24,14.44,30.42,Delayed
TID_0497,DID_065,VID_030,RID_034,2024-03-28 03:38:00,2024-03-28 13:29:36,9.86,45.77,Completed
TID_0498,DID_100,VID_046,RID_038,2024-02-07 22:21:00,2024-02-08 12:26:24,14.09,46.19,Completed
TID_0499,DID_024,VID_028,RID_030,2024-01-11 12:02:00,2024-01-11 18:11:00,6.15,41.93,Completed
TID_0500,DID_035,VID_006,RID_027,2024-03-10 23:46:00,2024-03-11 07:23:48,7.63,40.54,Delayed
TID_0501,DID_012,VID_011,RID_025,2024-03-07 23:58:00,2024-03-08 10:19:36,10.36,26.75,Completed
TID_0502,DID_064,VID_042,RID_017,2024-02-17 13:44:00,2024-02-18 03:04:24,13.34,56.33,Completed
TID_0503,DID_095,VID_009,RID_018,2024-02-24 17:09:00,2024-02-25 12:03:00,18.9,40.57,Completed
TID_0504,DID_022,VID_011,RID_005,2024-01-15 21:47:00,2024-01-16 06:35:36,8.81,46.46,Completed
TID_0505,DID_059,VID_005,RID_021,2024-01-15 17:57:00,2024-01-16 09:13:12,15.27,40.01,Completed
TID_0506,DID_069,VID_034,RID_036,2024-03-03 02:31:00,2024-03-03 09:22:00,6.85,58.26,Completed
TID_0507,DID_091,VID_034,RID_017,2024-03-06 22:14:00,2024-03-07 10:26:00,12.2,42.36,Completed
TID_0508,DID_033,VID_013,RID_035,2024-02-06 23:43:00,2024-02-07 18:23:12,18.67,43.64,Completed
TID_0509,DID_068,VID_034,RID_022,2024-01-30 15:01:00,2024-01-31 00:59:12,9.97,40.64,Completed
TID_0510,DID_094,VID_042,RID_040,2024-01-20 10:33:00,2024-01-20 18:18:36,7.76,37.16,Delayed
TID_0511,DID_079,VID_037,RID_015,2024-01-06 22:51:00,2024-01-07 03:30:36,4.66,29.93,Completed
TID_0512,DID_094,VID_016,RID_028,2024-01-21 23:19:00,2024-01-22 12:26:12,13.12,43.11,Completed
TID_0513,DID_025,VID_032,RID_022,2024-03-25 04:01:00,2024-03-25 17:14:48,13.23,35.85,Completed
TID_0514,DID_083,VID_036,RID_030,2024-03-26 00:15:00,2024-03-26 07:34:48,7.33,43.56,Delayed
TID_0515,DID_039,VID_028,RID_029,2024-01-14 14:49:00,2024-01-14 12:33:24,-2.26,46.18,Completed
TID_0516,DID_038,VID_032,RID_032,2024-01-10 03:06:00,2024-01-10 17:42:00,14.6,31.56,Completed
TID_0517,DID_039,VID_034,RID_032,2024-02-22 01:31:00,2024-02-22 23:44:12,22.22,41.78,Completed
TID_0518,DID_087,VID_036,RID_040,2024-03-22 06:17:00,2024-03-22 12:28:24,6.19,41.14,Completed
TID_0519,DID_100,VID_022,RID_013,2024-02-14 12:18:00,2024-02-15 01:54:36,13.61,53.96,Completed
TID_0520,DID_042,VID_033,RID_026,2024-01-12 19:24:00,2024-01-13 12:37:48,17.23,42.93,Completed
TID_0521,DID_055,VID_008,RID_035,2024-01-29 12:15:00,2024-01-30 03:02:24,14.79,59.72,Completed
TID_0522,DID_045,VID_047,RID_008,2024-02-03 06:55:00,2024-02-04 11:06:24,28.19,63.07,Delayed
TID_0523,DID_072,VID_024,RID_010,2024-03-23 15:41:00,2024-03-24 01:54:48,10.23,66.07,Completed
TID_0524,INVALID_DID,VID_038,RID_015,2024-02-04 03:42:00,2024-02-04 10:20:24,6.64,56.2,Delayed
TID_0525,DID_023,VID_010,RID_022,2024-01-26 01:50:00,2024-01-26 11:48:12,9.97,38.1,Delayed
TID_0526,DID_062,VID_004,RID_013,2024-01-09 08:25:00,2024-01-09 19:34:36,11.16,52.04,
TID_0527,DID_099,VID_030,RID_025,2024-02-20 15:28:00,2024-02-21 02:03:24,10.59,38.96,Completed
TID_0528,DID_016,VID_001,RID_006,2024-02-25 05:29:00,2024-02-25 10:15:12,4.77,39.81,Completed
TID_0529,DID_030,VID_046,RID_027,2024-02-20 11:22:00,2024-02-20 18:35:48,7.23,56.56,Completed
TID_0530,DID_091,VID_039,RID_027,2024-03-21 15:13:00,2024-03-21 22:19:00,7.1,49.49,Completed
TID_0531,DID_059,VID_002,RID_002,2024-02-25 06:24:00,2024-02-26 05:33:00,23.15,56.94,Completed
TID_0532,DID_002,VID_027,RID_026,2024-03-08 20:51:00,2024-03-09 15:08:24,18.29,30.3,Delayed
TID_0533,DID_003,VID_040,RID_025,2024-02-19 12:20:00,2024-02-19 20:48:12,8.47,67.95,Delayed
TID_0534,DID_052,VID_012,RID_001,2024-01-15 21:03:00,2024-01-16 13:42:00,16.65,49.84,Delayed
TID_0535,DID_085,VID_013,RID_019,2024-03-08 19:36:00,2024-03-09 03:33:00,7.95,34.33,Completed
TID_0536,DID_053,VID_018,RID_012,2024-03-15 03:23:00,2024-03-15 09:53:36,6.51,54.92,
TID_0537,DID_018,VID_013,RID_037,2024-01-15 02:56:00,2024-01-15 16:35:36,13.66,46.88,Delayed
TID_0538,DID_018,VID_040,RID_007,2024-01-07 17:05:00,2024-01-07 10:39:12,-6.43,47.53,Completed
TID_0539,DID_045,VID_014,RID_011,2024-02-28 15:12:00,2024-02-29 00:33:00,9.35,38.91,Completed
TID_0540,DID_095,VID_022,RID_026,2024-01-05 06:56:00,2024-01-05 22:39:12,15.72,58.99,Completed
TID_0541,DID_066,VID_017,RID_017,2024-02-21 15:13:00,2024-02-22 06:44:48,15.53,-15.42,Completed
TID_0542,DID_089,VID_029,RID_021,2024-01-18 16:50:00,2024-01-19 03:05:36,10.26,48.93,Completed
TID_0543,DID_009,VID_026,RID_035,2024-03-15 09:44:00,2024-03-16 02:24:48,16.68,67.07,Completed
TID_0544,DID_005,VID_007,RID_015,2024-01-27 10:23:00,2024-01-27 17:09:48,6.78,40.36,Delayed
TID_0545,DID_073,VID_003,RID_004,2024-02-02 20:58:00,2024-02-03 03:47:48,6.83,43.67,Delayed
TID_0546,DID_089,VID_038,RID_011,2024-02-15 08:26:00,2024-02-15 15:10:24,6.74,63.39,Completed
TID_0547,DID_016,VID_036,RID_004,2024-03-24 09:46:00,2024-03-24 14:56:12,5.17,47.86,Completed
TID_0548,DID_066,VID_029,RID_029,2024-02-18 03:13:00,2024-02-17 23:16:00,-3.95,41.79,Completed
TID_0549,INVALID_DID,VID_023,RID_005,2024-02-15 01:01:00,2024-02-15 09:39:24,8.64,48.69,Delayed
TID_0550,DID_005,VID_048,RID_024,2024-02-11 21:00:00,2024-02-12 17:27:36,20.46,41.7,Delayed
TID_0551,DID_049,VID_036,RID_005,2024-02-13 04:20:00,2024-02-13 12:30:48,8.18,48.56,Completed
TID_0552,DID_068,VID_009,RID_014,2024-01-21 09:42:00,2024-01-21 18:38:24,8.94,45.45,Completed
TID_0553,DID_080,VID_039,RID_003,2024-03-19 11:21:00,2024-03-20 07:56:24,20.59,54.14,Completed
TID_0554,DID_053,VID_024,RID_012,2024-01-27 09:11:00,2024-01-27 14:48:48,5.63,42.53,Completed
TID_0555,DID_084,VID_012,RID_001,2024-01-28 01:06:00,2024-01-28 13:14:24,12.14,46.93,Completed
TID_0556,DID_074,VID_045,RID_019,2024-01-25 23:41:00,2024-01-26 08:26:00,8.75,55.81,Completed
TID_0557,DID_045,VID_031,RID_010,2024-02-20 05:03:00,2024-02-20 11:52:12,6.82,36.67,Completed
TID_0558,DID_060,VID_003,RID_012,2024-03-18 18:43:00,2024-03-19 01:38:12,6.92,36.58,Completed
TID_0559,DID_081,VID_037,RID_004,2024-02-08 16:18:00,2024-02-08 21:57:36,5.66,47.53,Delayed
TID_0560,DID_020,VID_034,RID_019,2024-01-13 20:50:00,2024-01-14 03:58:24,7.14,51.9,Delayed
TID_0561,DID_068,VID_050,RID_009,2024-03-30 00:00:00,2024-03-30 10:12:00,10.2,53.05,Completed
TID_0562,DID_068,VID_030,RID_015,2024-01-07 18:26:00,2024-01-08 00:48:12,6.37,35.24,Completed
TID_0563,DID_038,VID_029,RID_023,2024-01-20 12:00:00,2024-01-20 22:43:48,10.73,53.66,Completed
TID_0564,DID_093,VID_026,RID_007,2024-03-15 17:57:00,2024-03-15 11:31:12,-6.43,62.06,Delayed
TID_0565,DID_098,VID_033,RID_012,2024-02-27 18:53:00,2024-02-27 23:37:24,4.74,42.83,Completed
TID_0566,DID_013,VID_020,RID_008,2024-01-14 20:52:00,2024-01-15 18:23:48,21.53,34.1,Delayed
TID_0567,DID_094,VID_012,RID_022,2024-02-13 00:36:00,2024-02-13 11:01:12,10.42,67.44,Completed
TID_0568,DID_090,VID_018,RID_001,2024-01-18 21:29:00,2024-01-19 09:13:24,11.74,49.63,Completed
TID_0569,DID_050,VID_032,RID_038,2024-03-18 05:46:00,2024-03-18 20:59:48,15.23,42.26,Completed
TID_0570,DID_047,VID_001,RID_002,2024-02-04 01:10:00,2024-02-04 22:05:12,20.92,29.03,Completed
TID_0571,DID_021,VID_029,RID_001,2024-03-04 20:01:00,2024-03-05 13:55:00,17.9,55.34,Completed
TID_0572,DID_057,VID_013,RID_027,2024-02-03 16:30:00,2024-02-03 22:50:24,6.34,37.71,Completed
TID_0573,DID_040,VID_050,RID_002,2024-01-28 12:19:00,2024-01-29 09:38:48,21.33,57.75,Completed
TID_0574,DID_088,VID_013,RID_008,2024-01-22 22:00:00,2024-01-23 17:06:00,19.1,34.76,
TID_0575,DID_039,VID_036,RID_039,2024-03-16 12:26:00,2024-03-17 04:17:00,15.85,39.62,Completed
TID_0576,DID_041,VID_037,RID_013,2024-01-28 13:58:00,2024-01-29 02:38:48,12.68,41.53,Completed
TID_0577,DID_025,VID_038,RID_039,2024-02-19 22:35:00,2024-02-20 15:24:12,16.82,48.17,Completed
TID_0578,DID_100,VID_049,RID_012,2024-02-05 01:18:00,2024-02-05 08:13:12,6.92,35.84,Completed
TID_0579,DID_009,VID_033,RID_004,2024-01-15 02:47:00,2024-01-15 09:29:00,6.7,50.34,Completed
TID_0580,DID_043,VID_014,RID_016,2024-01-04 02:16:00,2024-01-04 23:28:00,21.2,63.48,Completed
TID_0581,DID_023,VID_002,RID_031,2024-02-13 15:43:00,2024-02-14 02:07:00,10.4,59.37,Completed
TID_0582,DID_020,VID_037,RID_004,2024-03-06 13:05:00,2024-03-06 19:13:24,6.14,36.68,Completed
TID_0583,DID_076,VID_024,RID_010,2024-03-30 05:19:00,2024-03-30 13:38:48,8.33,48.49,Completed
TID_0584,DID_095,VID_041,RID_030,2024-01-22 19:48:00,2024-01-23 02:52:48,7.08,37.67,Completed
TID_0585,DID_031,VID_028,RID_008,2024-02-09 22:44:00,2024-02-10 15:38:36,16.91,31.24,Delayed
TID_0586,DID_062,VID_028,RID_002,2024-01-05 13:26:00,2024-01-06 05:54:48,16.48,43.86,Delayed
TID_0587,DID_057,VID_028,RID_027,2024-02-08 00:43:00,2024-02-08 06:46:36,6.06,48.77,Completed
TID_0588,DID_044,VID_013,RID_006,2024-02-02 22:01:00,2024-02-03 04:54:24,6.89,32.15,Completed
TID_0589,DID_080,VID_044,RID_038,2024-02-26 06:49:00,2024-02-26 23:40:36,16.86,69.27,Delayed
TID_0590,DID_028,VID_038,RID_030,2024-01-17 21:06:00,2024-01-17 21:06:00,9.29,58.72,Completed
TID_0591,DID_028,VID_026,RID_032,2024-02-17 22:54:00,2024-02-18 17:09:00,18.25,67.28,Completed
TID_0592,DID_096,VID_015,RID_036,2024-01-22 21:45:00,2024-01-23 03:46:48,6.03,46.55,Delayed
TID_0593,DID_051,VID_027,RID_005,2024-01-02 21:33:00,2024-01-03 08:43:12,11.17,48.75,Completed
TID_0594,DID_095,VID_049,RID_020,2024-03-03 21:22:00,2024-03-03 21:22:00,12.3,42.57,Completed
TID_0595,DID_077,VID_039,RID_020,2024-01-31 00:13:00,2024-01-31 12:07:00,11.9,51.11,Delayed
TID_0596,DID_069,VID_048,RID_017,2024-02-08 13:52:00,2024-02-09 03:38:12,13.77,33.34,Completed
TID_0597,DID_029,VID_002,RID_029,2024-01-24 03:59:00,2024-01-24 00:45:48,-3.22,55.0,Completed
TID_0598,DID_021,VID_007,RID_019,2024-01-26 22:42:00,2024-01-26 22:42:00,5.93,27.76,Delayed
TID_0599,DID_086,VID_040,RID_020,2024-02-06 05:16:00,2024-02-06 18:25:36,13.16,49.56,Completed
TID_0600,DID_020,VID_007,RID_005,2024-03-13 15:39:00,2024-03-14 01:36:36,9.96,25.56,Delayed
TID_0601,DID_006,VID_046,RID_004,2024-01-20 07:32:00,2024-01-20 13:11:36,5.66,49.25,Delayed
TID_0602,DID_011,VID_010,RID_007,2024-02-29 01:42:00,2024-02-28 19:16:12,-6.43,37.84,Completed
TID_0603,DID_047,VID_011,RID_012,2024-02-01 12:25:00,2024-02-01 18:08:12,5.72,31.96,Completed
TID_0604,DID_044,VID_022,RID_009,2024-01-23 02:44:00,2024-01-23 14:41:36,11.96,49.57,Completed
TID_0605,DID_048,VID_006,RID_035,2024-01-15 17:24:00,2024-01-16 13:00:00,19.6,68.26,Completed
TID_0606,DID_084,VID_010,RID_024,2024-03-31 02:07:00,2024-03-31 16:33:24,14.44,36.74,Completed
TID_0607,DID_056,VID_017,RID_014,2024-03-12 01:12:00,2024-03-12 08:05:24,6.89,-27.65,Completed
TID_0608,DID_013,VID_001,RID_035,2024-01-26 00:30:00,2024-01-26 15:17:24,14.79,41.84,Completed
TID_0609,DID_100,VID_014,RID_036,2024-02-01 08:31:00,2024-02-01 15:56:12,7.42,40.83,Completed
TID_0610,DID_047,VID_026,RID_034,2024-03-05 18:59:00,2024-03-06 04:41:00,9.7,41.41,Completed
TID_0611,DID_027,VID_002,RID_015,2024-02-25 16:58:00,2024-02-25 22:10:00,5.2,35.24,Completed
TID_0612,DID_035,VID_049,RID_024,2024-02-03 08:38:00,2024-02-04 04:16:24,19.64,44.58,Completed
TID_0613,DID_043,VID_002,RID_014,2024-02-19 11:33:00,2024-02-19 18:06:36,6.56,38.68,Delayed
TID_0614,DID_067,VID_040,RID_025,2024-01-19 10:50:00,2024-01-19 18:14:00,7.4,60.48,
TID_0615,DID_080,VID_004,RID_008,2024-03-25 14:20:00,2024-03-26 09:26:00,19.1,59.28,Delayed
TID_0616,DID_066,VID_007,RID_022,2024-01-01 20:27:00,2024-01-02 08:18:36,11.86,37.16,Completed
TID_0617,DID_098,VID_030,RID_014,2024-03-06 12:27:00,2024-03-06 21:23:24,8.94,34.59,
TID_0618,DID_093,VID_035,RID_002,2024-02-19 15:13:00,2024-02-20 18:25:00,27.2,62.69,Completed
TID_0619,INVALID_DID,VID_036,RID_011,2024-01-28 02:50:00,2024-01-28 09:28:24,6.64,37.8,Completed
TID_0620,DID_012,VID_033,RID_031,2024-03-31 10:24:00,2024-03-31 16:36:36,6.21,48.77,Delayed
TID_0621,DID_073,VID_014,RID_036,2024-02-24 07:03:00,2024-02-24 12:12:36,5.16,61.37,Completed
TID_0622,DID_019,VID_042,RID_019,2024-01-12 07:01:00,2024-01-12 13:52:36,6.86,65.93,Completed
TID_0623,DID_036,VID_032,RID_005,2024-01-21 05:13:00,2024-01-21 11:57:24,6.74,42.04,Completed
TID_0624,DID_006,VID_026,RID_033,2024-02-19 18:03:00,2024-02-20 07:24:36,13.36,37.76,Completed
TID_0625,DID_092,VID_028,RID_008,2024-02-05 13:51:00,2024-02-06 10:15:36,20.41,45.0,Completed
TID_0626,DID_069,VID_008,RID_014,2024-01-27 15:53:00,2024-01-27 22:39:12,6.77,50.16,Completed
TID_0627,DID_077,VID_001,RID_018,2024-03-03 15:36:00,2024-03-04 07:15:36,15.66,36.65,Completed
TID_0628,DID_068,VID_030,RID_040,2024-03-25 05:11:00,2024-03-25 13:06:12,7.92,49.48,Completed
TID_0629,DID_070,VID_007,RID_007,2024-02-03 07:11:00,2024-02-03 03:19:24,-3.86,34.95,Completed
TID_0630,DID_095,VID_035,RID_020,2024-03-19 19:18:00,2024-03-20 11:58:12,16.67,39.03,Delayed
TID_0631,DID_070,VID_045,RID_013,2024-03-06 02:51:00,2024-03-06 12:18:36,9.46,41.31,Delayed
TID_0632,DID_084,VID_016,RID_018,2024-02-28 00:54:00,2024-02-28 18:18:00,17.4,47.79,Completed
TID_0633,DID_076,VID_026,RID_024,2024-02-01 12:46:00,2024-02-02 09:39:24,20.89,57.92,Completed
TID_0634,DID_013,VID_033,RID_020,2024-03-19 14:41:00,2024-03-20 03:23:36,12.71,31.02,
TID_0635,DID_052,VID_007,RID_012,2024-02-16 06:58:00,2024-02-16 12:47:12,5.82,38.38,Completed
TID_0636,DID_063,VID_010,RID_022,2024-02-01 09:31:00,2024-02-01 19:47:12,10.27,55.26,Completed
TID_0637,DID_096,VID_038,RID_011,2024-02-01 21:36:00,2024-02-02 08:15:00,10.65,43.15,Completed
TID_0638,DID_067,VID_012,RID_012,2024-02-18 00:11:00,2024-02-18 07:44:00,7.55,50.52,Completed
TID_0639,DID_083,VID_007,RID_001,2024-03-15 23:52:00,2024-03-16 13:38:12,13.77,47.58,Delayed
TID_0640,DID_026,VID_026,RID_014,2024-03-08 09:28:00,2024-03-08 16:58:00,7.5,66.49,Delayed
TID_0641,DID_077,VID_050,RID_034,2024-03-17 03:17:00,2024-03-17 12:40:24,9.39,48.73,Completed
TID_0642,DID_017,VID_027,RID_019,2024-03-07 07:59:00,2024-03-07 13:27:12,5.47,32.36,Completed
TID_0643,DID_020,VID_015,RID_037,2024-03-09 15:39:00,2024-03-10 04:58:48,13.33,39.16,Delayed
TID_0644,DID_074,VID_036,RID_013,2024-01-19 00:14:00,2024-01-19 10:23:00,10.15,29.12,Completed
TID_0645,DID_009,VID_005,RID_008,2024-02-01 00:42:00,2024-02-01 22:37:48,21.93,63.46,Completed
TID_0646,DID_067,VID_021,RID_009,2024-01-11 09:35:00,2024-01-11 20:18:12,10.72,69.1,Completed
TID_0647,DID_084,VID_045,RID_019,2024-01-23 01:59:00,2024-01-23 08:14:00,6.25,39.54,Delayed
TID_0648,DID_084,VID_006,RID_016,2024-03-13 13:59:00,2024-03-14 06:09:12,16.17,45.34,Delayed
TID_0649,DID_056,VID_017,RID_012,2024-03-28 20:23:00,2024-03-29 03:18:12,6.92,-22.26,Completed
TID_0650,DID_076,VID_017,RID_016,2024-01-04 04:40:00,2024-01-04 18:17:48,13.63,-23.13,Delayed
TID_0651,DID_072,VID_013,RID_019,2024-02-07 09:46:00,2024-02-07 16:54:24,7.14,44.38,Completed
TID_0652,DID_015,VID_042,RID_035,2024-03-19 23:04:00,2024-03-20 10:35:48,11.53,48.41,Delayed
TID_0653,DID_092,VID_002,RID_040,2024-01-22 19:03:00,2024-01-23 01:14:24,6.19,42.35,Completed
TID_0654,DID_068,VID_050,RID_014,2024-03-03 18:34:00,2024-03-04 00:34:00,6.0,38.52,Completed
TID_0655,INVALID_DID,VID_050,RID_033,2024-02-10 09:48:00,2024-02-10 23:45:36,13.96,52.64,Completed
TID_0656,DID_074,VID_024,RID_031,2024-03-06 01:39:00,2024-03-06 10:19:12,8.67,50.77,Completed
TID_0657,DID_063,VID_038,RID_005,2024-03-15 22:17:00,2024-03-16 07:26:36,9.16,49.79,Completed
TID_0658,DID_074,VID_033,RID_030,2024-01-29 02:29:00,2024-01-29 10:41:00,8.2,40.88,Delayed
TID_0659,DID_035,VID_008,RID_013,2024-02-21 18:34:00,2024-02-22 03:25:36,8.86,37.69,Delayed
TID_0660,DID_063,VID_019,RID_012,2024-02-15 01:03:00,2024-02-15 08:25:48,7.38,50.11,Completed
TID_0661,DID_040,VID_045,RID_020,2024-01-12 14:26:00,2024-01-13 03:35:36,13.16,32.76,Delayed
TID_0662,DID_010,VID_018,RID_016,2024-01-02 00:19:00,2024-01-02 21:03:24,20.74,50.15,Completed
TID_0663,DID_002,VID_003,RID_011,2024-02-15 06:40:00,2024-02-15 13:36:24,6.94,29.2,Completed
TID_0664,DID_053,VID_006,RID_006,2024-03-19 06:16:00,2024-03-19 13:49:36,7.56,59.66,Completed
TID_0665,DID_092,VID_020,RID_010,2024-02-23 20:15:00,2024-02-24 02:46:12,6.52,50.8,Completed
TID_0666,DID_026,VID_033,RID_011,2024-02-22 10:17:00,2024-02-22 18:45:48,8.48,54.19,Completed
TID_0667,DID_066,VID_025,RID_002,2024-03-08 11:14:00,2024-03-09 10:53:00,23.65,60.3,Completed
TID_0668,DID_090,VID_025,RID_032,2024-02-28 22:17:00,2024-02-29 16:51:48,18.58,65.11,Delayed
TID_0669,INVALID_DID,VID_017,RID_002,2024-02-10 08:08:00,2024-02-11 10:02:00,25.9,-20.16,Completed
TID_0670,DID_008,VID_030,RID_031,2024-03-24 11:57:00,2024-03-24 21:51:00,9.9,33.58,Delayed
TID_0671,DID_026,VID_030,RID_017,2024-03-26 04:40:00,2024-03-26 21:05:12,16.42,26.61,Delayed
TID_0672,DID_066,VID_003,RID_026,2024-01-16 13:44:00,2024-01-17 08:47:36,19.06,34.68,Completed
TID_0673,DID_006,VID_036,RID_032,2024-01-29 05:46:00,2024-01-29 20:22:00,14.6,29.62,Completed
TID_0674,DID_083,VID_004,RID_029,2024-01-21 02:23:00,2024-01-20 23:47:36,-2.59,48.03,Completed
TID_0675,DID_067,VID_030,RID_022,2024-02-08 11:01:00,2024-02-09 03:01:00,16.0,33.71,Completed
TID_0676,DID_071,VID_033,RID_040,2024-02-14 07:07:00,2024-02-14 16:46:36,9.66,55.14,Completed
TID_0677,DID_023,VID_007,RID_032,2024-02-27 02:12:00,2024-02-27 21:51:00,19.65,31.81,Completed
TID_0678,DID_069,VID_049,RID_006,2024-01-16 16:10:00,2024-01-16 21:48:24,5.64,42.5,Completed
TID_0679,DID_039,VID_049,RID_005,2024-01-09 00:45:00,2024-01-09 08:08:24,7.39,39.02,Completed
TID_0680,DID_087,VID_050,RID_038,2024-03-25 09:26:00,2024-03-26 04:18:48,18.88,48.56,Completed
TID_0681,DID_063,VID_022,RID_032,2024-02-06 10:32:00,2024-02-07 09:14:36,22.71,57.41,Delayed
TID_0682,DID_055,VID_046,RID_026,2024-01-16 22:08:00,2024-01-17 18:02:36,19.91,33.81,Completed
TID_0683,DID_069,VID_015,RID_026,2024-02-10 11:11:00,2024-02-11 08:30:48,21.33,53.06,Completed
TID_0684,DID_087,VID_001,RID_007,2024-03-31 10:21:00,2024-03-31 06:22:48,-3.97,49.61,Delayed
TID_0685,DID_047,VID_040,RID_010,2024-01-07 01:59:00,2024-01-07 08:24:48,6.43,51.49,Completed
TID_0686,DID_003,VID_003,RID_012,2024-01-01 20:08:00,2024-01-01 20:08:00,5.53,25.63,Delayed
TID_0687,DID_044,VID_043,RID_040,2024-03-04 14:41:00,2024-03-04 21:17:00,6.6,29.98,Completed
TID_0688,DID_021,VID_050,RID_039,2024-02-06 14:36:00,2024-02-07 04:19:48,13.73,54.29,Completed
TID_0689,DID_095,VID_050,RID_021,2024-01-03 11:59:00,2024-01-04 00:45:48,12.78,52.53,Completed
TID_0690,DID_014,VID_049,RID_030,2024-03-20 19:15:00,2024-03-21 05:42:00,10.45,47.87,Completed
TID_0691,DID_030,VID_011,RID_026,2024-02-24 17:09:00,2024-02-25 10:22:48,17.23,29.53,Completed
TID_0692,DID_037,VID_003,RID_016,2024-03-19 00:44:00,2024-03-19 16:22:24,15.64,45.16,Completed
TID_0693,DID_086,VID_001,RID_017,2024-02-05 14:03:00,2024-02-06 04:16:48,14.23,43.68,Delayed
TID_0694,DID_042,VID_025,RID_001,2024-03-16 23:04:00,2024-03-17 10:37:00,11.55,56.19,Completed
TID_0695,DID_093,VID_048,RID_027,2024-01-22 10:49:00,2024-01-22 21:07:00,10.3,42.06,Delayed
TID_0696,DID_081,VID_006,RID_013,2024-01-12 14:15:00,2024-01-12 23:52:12,9.62,42.5,Completed
TID_0697,DID_076,VID_041,RID_009,2024-02-10 20:59:00,2024-02-11 07:53:36,10.91,25.46,Completed
TID_0698,DID_066,VID_020,RID_033,2024-02-14 01:23:00,2024-02-14 10:37:24,9.24,46.81,Completed
TID_0699,DID_038,VID_008,RID_012,2024-03-10 18:57:00,2024-03-11 01:19:48,6.38,43.52,Delayed
TID_0700,DID_023,VID_024,RID_030,2024-01-30 18:45:00,2024-01-31 03:38:24,8.89,37.61,Completed
TID_0701,DID_092,VID_041,RID_028,2024-02-14 11:30:00,2024-02-14 22:46:48,11.28,33.02,Completed
TID_0702,DID_044,VID_020,RID_023,2024-02-14 03:05:00,2024-02-14 17:05:00,14.0,33.39,Completed
TID_0703,DID_032,VID_029,RID_027,2024-01-06 20:00:00,2024-01-07 04:04:48,8.08,65.65,Completed
TID_0704,DID_027,VID_017,RID_016,2024-02-15 05:51:00,2024-02-16 04:33:36,22.71,-20.18,Completed
TID_0705,DID_038,VID_040,RID_006,2024-03-07 01:29:00,2024-03-07 07:07:24,5.64,64.71,Completed
TID_0706,DID_016,VID_017,RID_028,2024-02-02 08:27:00,2024-02-02 20:42:36,12.26,-26.32,Completed
TID_0707,INVALID_DID,VID_036,RID_014,2024-02-04 01:14:00,2024-02-04 08:44:00,7.5,36.25,Completed
TID_0708,DID_088,VID_008,RID_025,2024-02-15 15:41:00,2024-02-16 00:28:24,8.79,30.66,Completed
TID_0709,DID_077,VID_026,RID_017,2024-03-05 22:27:00,2024-03-06 15:31:48,17.08,63.0,Completed
TID_0710,DID_034,VID_018,RID_013,2024-03-20 23:13:00,2024-03-21 12:11:48,12.98,61.43,Completed
TID_0711,DID_054,VID_009,RID_016,2024-03-23 11:48:00,2024-03-24 06:30:36,18.71,67.63,Completed
TID_0712,DID_083,VID_009,RID_012,2024-03-13 16:27:00,2024-03-13 23:22:12,6.92,49.45,Completed
TID_0713,DID_029,VID_006,RID_026,2024-01-09 10:51:00,2024-01-10 01:04:12,14.22,51.89,Completed
TID_0714,DID_085,VID_022,RID_008,2024-03-24 00:56:00,2024-03-25 01:36:12,24.67,62.67,Completed
TID_0715,DID_035,VID_026,RID_005,2024-03-03 12:26:00,2024-03-03 23:36:12,11.17,43.68,Delayed
TID_0716,DID_015,VID_017,RID_010,2024-02-12 21:22:00,2024-02-13 05:07:36,7.76,-25.38,Completed
TID_0717,DID_033,VID_029,RID_001,2024-02-20 08:02:00,2024-02-20 18:24:48,10.38,63.79,Completed
TID_0718,DID_057,VID_011,RID_032,2024-01-02 04:37:00,2024-01-02 22:14:12,17.62,27.96,Completed
TID_0719,DID_050,VID_024,RID_030,2024-03-28 10:05:00,2024-03-28 18:36:48,8.53,46.46,Completed
TID_0720,DID_065,VID_009,RID_031,2024-03-31 07:04:00,2024-03-31 15:23:12,8.32,55.24,Completed
TID_0721,DID_072,VID_004,RID_016,2024-01-08 19:33:00,2024-01-09 09:22:48,13.83,32.79,Completed
TID_0722,DID_062,VID_023,RID_028,2024-01-09 09:43:00,2024-01-09 19:16:36,9.56,47.21,Completed
TID_0723,DID_030,VID_040,RID_026,2024-03-07 02:39:00,2024-03-07 21:19:12,18.67,53.36,
TID_0724,DID_095,VID_016,RID_027,2024-03-30 19:24:00,2024-03-31 01:17:24,5.89,39.39,Delayed
TID_0725,DID_052,VID_030,RID_004,2024-01-12 10:20:00,2024-01-12 18:02:00,7.7,34.3,Completed
TID_0726,DID_042,VID_008,RID_007,2024-02-01 23:36:00,2024-02-01 17:10:12,-6.43,50.87,Delayed
TID_0727,DID_028,VID_025,RID_020,2024-02-22 18:16:00,2024-02-23 09:53:12,15.62,56.1,Completed
TID_0728,DID_024,VID_016,RID_016,2024-02-03 18:28:00,2024-02-04 16:39:24,22.19,41.72,Completed
TID_0729,DID_058,VID_043,RID_002,2024-01-19 11:26:00,2024-01-20 08:21:12,20.92,39.2,Delayed
TID_0730,DID_034,VID_024,RID_031,2024-02-06 11:27:00,2024-02-06 18:22:48,6.93,59.49,Completed
TID_0731,DID_044,VID_005,RID_023,2024-03-15 17:44:00,2024-03-16 04:50:00,11.1,41.55,Completed
TID_0732,DID_081,VID_003,RID_025,2024-01-01 21:13:00,2024-01-01 21:13:00,8.63,45.56,Completed
TID_0733,DID_044,VID_038,RID_003,2024-01-14 14:30:00,2024-01-15 12:12:36,21.71,38.26,Completed
TID_0734,DID_020,VID_050,RID_029,2024-03-03 15:51:00,2024-03-03 13:01:48,-2.82,51.33,Completed
TID_0735,DID_050,VID_044,RID_006,2024-02-20 15:04:00,2024-02-20 19:46:00,4.7,62.2,Completed
TID_0736,DID_061,VID_031,RID_011,2024-02-17 06:19:00,2024-02-17 13:28:36,7.16,35.3,Completed
TID_0737,DID_079,VID_021,RID_024,2024-03-18 18:30:00,2024-03-18 18:30:00,17.23,58.51,Delayed
TID_0738,DID_042,VID_028,RID_013,2024-01-07 15:13:00,2024-01-07 23:56:12,8.72,31.79,Completed
TID_0739,DID_055,VID_001,RID_018,2024-02-11 23:35:00,2024-02-12 19:53:00,20.3,29.33,Completed
TID_0740,DID_012,VID_040,RID_019,2024-03-04 05:06:00,2024-03-04 13:51:00,8.75,47.52,Delayed
TID_0741,DID_006,VID_008,RID_022,2024-03-29 19:07:00,2024-03-30 09:26:48,14.33,31.33,Completed
TID_0742,DID_043,VID_005,RID_003,2024-01-22 19:31:00,2024-01-23 18:55:36,23.41,41.54,Completed
TID_0743,DID_005,VID_020,RID_028,2024-01-17 13:44:00,2024-01-17 23:59:00,10.25,57.52,Completed
TID_0744,DID_048,VID_005,RID_028,2024-01-14 05:45:00,2024-01-14 19:10:48,13.43,67.61,Completed
TID_0745,DID_040,VID_047,RID_018,2024-02-06 21:20:00,2024-02-07 12:59:36,15.66,59.95,Completed
TID_0746,DID_087,VID_007,RID_038,2024-03-10 11:52:00,2024-03-11 04:08:48,16.28,47.82,Completed
TID_0747,DID_069,VID_008,RID_036,2024-03-07 22:02:00,2024-03-08 03:41:00,5.65,54.87,Completed
TID_0748,DID_048,VID_046,RID_003,2024-01-03 02:28:00,2024-01-04 01:25:36,22.96,32.06,Completed
TID_0749,DID_006,VID_029,RID_029,2024-02-19 05:23:00,2024-02-19 03:05:36,-2.29,66.72,Completed
TID_0750,DID_086,VID_019,RID_017,2024-03-17 01:52:00,2024-03-17 20:50:48,18.98,52.71,Completed
TID_0751,DID_037,VID_023,RID_004,2024-03-19 07:26:00,2024-03-19 15:51:12,8.42,36.84,Delayed
TID_0752,DID_076,VID_023,RID_034,2024-03-10 10:16:00,2024-03-10 22:23:12,12.12,43.13,Completed
TID_0753,DID_021,VID_014,RID_002,2024-03-13 02:11:00,2024-03-13 17:43:24,15.54,55.08,
TID_0754,DID_054,VID_010,RID_010,2024-01-18 01:12:00,2024-01-18 09:22:48,8.18,55.97,Completed
TID_0755,DID_042,VID_039,RID_012,2024-02-15 11:20:00,2024-02-15 16:08:36,4.81,38.08,Completed
TID_0756,DID_089,VID_041,RID_001,2024-01-07 04:34:00,2024-01-07 15:05:48,10.53,39.82,Completed
TID_0757,DID_077,VID_036,RID_013,2024-01-12 00:31:00,2024-01-12 09:22:36,8.86,37.19,Completed
TID_0758,DID_005,VID_033,RID_029,2024-03-07 07:33:00,2024-03-07 04:02:24,-3.51,44.99,Completed
TID_0759,DID_083,VID_015,RID_008,2024-03-28 06:02:00,2024-03-29 00:32:00,18.5,47.14,Completed
TID_0760,DID_005,VID_047,RID_010,2024-03-28 09:14:00,2024-03-28 20:29:00,11.25,69.62,Completed
TID_0761,DID_099,VID_041,RID_019,2024-03-09 19:02:00,2024-03-10 01:10:24,6.14,44.44,Completed
TID_0762,DID_007,VID_022,RID_017,2024-01-23 21:44:00,2024-01-24 15:31:24,17.79,42.61,Completed
TID_0763,DID_032,VID_022,RID_011,2024-01-13 14:30:00,2024-01-14 00:27:36,9.96,65.16,Completed
TID_0764,DID_054,VID_030,RID_012,2024-01-17 17:40:00,2024-01-17 23:17:48,5.63,31.54,Completed
TID_0765,DID_015,VID_045,RID_031,2024-02-01 00:02:00,2024-02-01 06:14:36,6.21,32.4,Completed
TID_0766,DID_017,VID_033,RID_021,2024-01-04 03:54:00,2024-01-04 18:48:00,14.9,54.52,Delayed
TID_0767,DID_076,VID_049,RID_033,2024-02-03 02:12:00,2024-02-03 17:09:00,14.95,37.72,Completed
TID_0768,DID_026,VID_027,RID_022,2024-03-19 22:47:00,2024-03-20 15:33:48,16.78,53.48,Completed
TID_0769,DID_067,VID_017,RID_036,2024-01-10 15:56:00,2024-01-10 21:29:36,5.56,-19.73,Completed
TID_0770,DID_090,VID_039,RID_014,2024-03-05 06:06:00,2024-03-05 14:20:24,8.24,38.88,Delayed
TID_0771,DID_025,VID_010,RID_028,2024-03-20 02:36:00,2024-03-20 11:09:00,8.55,36.42,Completed
TID_0772,DID_051,VID_019,RID_015,2024-02-27 18:13:00,2024-02-28 00:51:24,6.64,57.59,Completed
TID_0773,DID_081,VID_005,RID_024,2024-03-12 15:54:00,2024-03-13 14:13:12,22.32,65.84,Completed
TID_0774,DID_012,VID_048,RID_028,2024-02-15 21:26:00,2024-02-16 06:32:00,9.1,36.85,Completed
TID_0775,DID_007,VID_015,RID_031,2024-03-07 05:44:00,2024-03-07 13:26:00,7.7,42.56,Delayed
TID_0776,DID_092,VID_017,RID_024,2024-01-20 00:57:00,2024-01-20 00:57:00,19.64,-18.94,Completed
TID_0777,DID_069,VID_017,RID_037,2024-01-18 05:32:00,2024-01-18 17:42:12,12.17,-23.85,Completed
TID_0778,DID_034,VID_035,RID_005,2024-03-13 00:51:00,2024-03-13 08:45:00,7.9,35.62,Completed
TID_0779,DID_088,VID_015,RID_039,2024-02-16 19:12:00,2024-02-17 07:30:00,12.3,39.25,Completed
TID_0780,DID_037,VID_011,RID_031,2024-01-24 10:13:00,2024-01-24 18:53:12,8.67,25.08,Delayed
TID_0781,DID_049,VID_048,RID_004,2024-01-05 12:36:00,2024-01-05 18:10:12,5.57,44.33,Completed
TID_0782,DID_095,VID_018,RID_009,2024-03-17 12:06:00,2024-03-18 00:47:24,12.69,57.5,Completed
TID_0783,DID_082,VID_012,RID_029,2024-02-29 15:24:00,2024-02-29 11:43:48,-3.67,62.34,Completed
TID_0784,DID_007,VID_022,RID_012,2024-01-14 12:47:00,2024-01-14 18:03:12,5.27,53.04,Completed
TID_0785,DID_089,VID_026,RID_036,2024-03-26 14:55:00,2024-03-26 23:23:48,8.48,41.98,Delayed
TID_0786,DID_006,VID_031,RID_016,2024-02-20 21:01:00,2024-02-21 11:28:00,14.45,55.51,Completed
TID_0787,DID_084,VID_022,RID_016,2024-02-11 14:00:00,2024-02-12 11:40:48,21.68,44.5,Delayed
TID_0788,DID_051,VID_020,RID_027,2024-01-29 13:44:00,2024-01-29 22:08:36,8.41,42.31,Delayed
TID_0789,INVALID_DID,VID_013,RID_025,2024-02-21 07:28:00,2024-02-21 16:47:12,9.32,40.43,Completed
TID_0790,DID_087,VID_030,RID_001,2024-01-03 23:53:00,2024-01-04 14:48:12,14.92,29.63,Completed
TID_0791,DID_072,VID_031,RID_019,2024-03-26 04:56:00,2024-03-26 10:05:00,5.15,42.23,Completed
TID_0792,DID_065,VID_025,RID_039,2024-01-22 15:46:00,2024-01-23 06:13:36,14.46,54.91,Completed
TID_0793,DID_006,VID_015,RID_001,2024-03-11 18:51:00,2024-03-12 08:37:12,13.77,48.03,Completed
TID_0794,DID_077,VID_015,RID_005,2024-02-09 19:09:00,2024-02-10 03:11:24,8.04,41.6,Delayed
TID_0795,DID_036,VID_037,RID_019,2024-01-17 04:02:00,2024-01-17 09:30:12,5.47,48.9,Completed
TID_0796,DID_072,VID_001,RID_016,2024-02-24 11:16:00,2024-02-25 02:54:24,15.64,34.09,Completed
TID_0797,DID_068,VID_033,RID_040,2024-03-03 14:47:00,2024-03-03 22:24:12,7.62,51.82,Completed
TID_0798,DID_049,VID_021,RID_012,2024-03-15 07:36:00,2024-03-15 12:42:36,5.11,49.82,Completed
TID_0799,DID_026,VID_046,RID_021,2024-02-01 03:22:00,2024-02-01 16:08:48,12.78,30.01,Completed
TID_0800,DID_055,VID_003,RID_013,2024-03-14 20:58:00,2024-03-15 09:38:48,12.68,43.26,Completed
TID_0801,DID_043,VID_002,RID_015,2024-01-26 16:06:00,2024-01-26 16:06:00,5.47,58.44,Completed
TID_0802,DID_069,VID_047,RID_010,2024-01-24 00:34:00,2024-01-24 00:34:00,7.38,49.54,Completed
TID_0803,DID_083,VID_023,RID_033,2024-02-11 13:39:00,2024-02-12 00:51:36,11.21,59.24,Delayed
TID_0804,DID_014,VID_036,RID_016,2024-03-19 05:54:00,2024-03-19 22:38:24,16.74,29.01,Completed
TID_0805,DID_024,VID_023,RID_002,2024-02-22 12:53:00,2024-02-23 05:07:24,16.24,33.09,Delayed
TID_0806,DID_069,VID_047,RID_015,2024-01-12 14:34:00,2024-01-12 20:34:00,6.0,67.53,Completed
TID_0807,DID_086,VID_030,RID_038,2024-02-01 19:56:00,2024-02-02 13:24:48,17.48,42.91,Completed
TID_0808,DID_055,VID_030,RID_034,2024-02-24 22:41:00,2024-02-25 11:20:00,12.65,46.6,Completed
TID_0809,DID_053,VID_043,RID_017,2024-03-04 00:35:00,2024-03-04 17:00:12,16.42,40.61,Completed
TID_0810,DID_095,VID_048,RID_040,2024-03-23 22:43:00,2024-03-24 05:19:00,6.6,45.5,
TID_0811,DID_069,VID_029,RID_021,2024-03-10 21:56:00,2024-03-11 10:58:24,13.04,41.61,Completed
TID_0812,DID_029,VID_023,RID_013,2024-03-29 05:27:00,2024-03-29 13:46:48,8.33,33.1,Completed
TID_0813,DID_005,VID_017,RID_025,2024-03-21 12:11:00,2024-03-21 23:01:24,10.84,-25.49,Completed
TID_0814,DID_002,VID_017,RID_029,2024-03-29 17:32:00,2024-03-29 14:56:36,-2.59,-19.92,Completed
TID_0815,DID_098,VID_039,RID_014,2024-03-27 14:55:00,2024-03-27 23:29:12,8.57,48.62,Completed
TID_0816,DID_070,VID_039,RID_028,2024-03-12 17:41:00,2024-03-13 06:30:12,12.82,58.55,Completed
TID_0817,DID_090,VID_012,RID_012,2024-01-19 21:37:00,2024-01-20 03:32:48,5.93,47.9,Completed
TID_0818,DID_092,VID_002,RID_009,2024-02-12 09:24:00,2024-02-12 18:40:48,9.28,40.68,Completed
TID_0819,DID_020,VID_045,RID_014,2024-01-11 19:17:00,2024-01-12 02:10:24,6.89,33.06,Delayed
TID_0820,DID_048,VID_037,RID_037,2024-01-02 14:03:00,2024-01-03 02:46:48,12.73,30.91,Completed
TID_0821,DID_065,VID_011,RID_002,2024-03-20 21:32:00,2024-03-21 14:00:48,16.48,32.54,Completed
TID_0822,DID_070,VID_037,RID_026,2024-03-28 11:57:00,2024-03-29 04:32:24,16.59,35.23,Completed
TID_0823,DID_034,VID_022,RID_023,2024-03-27 16:33:00,2024-03-28 08:39:00,16.1,38.01,Completed
TID_0824,DID_025,VID_009,RID_024,2024-02-07 10:53:00,2024-02-08 06:31:24,19.64,64.11,Completed
TID_0825,DID_070,VID_021,RID_013,2024-03-30 12:17:00,2024-03-31 01:53:36,13.61,41.87,Completed
TID_0826,DID_086,VID_019,RID_009,2024-03-28 19:37:00,2024-03-29 10:05:12,14.47,50.17,Completed
TID_0827,DID_065,VID_038,RID_008,2024-02-16 05:59:00,2024-02-17 10:51:48,28.88,55.54,Completed
TID_0828,DID_001,VID_017,RID_022,2024-02-18 21:06:00,2024-02-19 10:04:48,12.98,-17.08,Delayed
TID_0829,DID_083,VID_013,RID_035,2024-01-26 18:18:00,2024-01-27 07:49:12,13.52,47.58,Delayed
TID_0830,DID_022,VID_036,RID_020,2024-02-08 04:29:00,2024-02-08 18:38:00,14.15,43.26,Completed
TID_0831,DID_013,VID_029,RID_010,2024-03-10 18:38:00,2024-03-10 18:38:00,8.18,58.12,Delayed
TID_0832,DID_049,VID_036,RID_001,2024-02-06 23:46:00,2024-02-07 12:47:12,13.02,39.47,Completed
TID_0833,DID_063,VID_004,RID_030,2024-02-03 22:07:00,2024-02-04 05:05:12,6.97,34.32,Completed
TID_0834,DID_025,VID_035,RID_020,2024-02-23 02:18:00,2024-02-23 16:11:24,13.89,56.28,Completed
TID_0835,DID_043,VID_049,RID_011,2024-03-23 10:44:00,2024-03-23 19:12:48,8.48,51.72,Delayed
TID_0836,DID_057,VID_032,RID_029,2024-01-15 16:20:00,2024-01-15 13:24:12,-2.93,26.25,Completed
TID_0837,DID_040,VID_004,RID_013,2024-03-31 02:41:00,2024-03-31 13:37:24,10.94,39.72,Completed
TID_0838,DID_057,VID_037,RID_008,2024-03-01 19:50:00,2024-03-02 20:30:12,24.67,25.35,Delayed
TID_0839,DID_025,VID_002,RID_013,2024-02-19 01:46:00,2024-02-19 13:38:12,11.87,63.34,Delayed
TID_0840,DID_020,VID_043,RID_029,2024-02-10 00:23:00,2024-02-09 21:42:12,-2.68,39.68,Completed
TID_0841,DID_015,VID_004,RID_040,2024-03-29 13:53:00,2024-03-29 22:29:36,8.61,37.7,
TID_0842,DID_076,VID_049,RID_020,2024-02-24 19:08:00,2024-02-25 06:19:24,11.19,46.87,Completed
TID_0843,DID_050,VID_031,RID_024,2024-01-22 04:08:00,2024-01-23 02:27:12,22.32,36.7,Completed
TID_0844,DID_026,VID_025,RID_012,2024-03-12 02:24:00,2024-03-12 07:30:36,5.11,36.39,Completed
TID_0845,INVALID_DID,VID_031,RID_013,2024-02-10 06:02:00,2024-02-10 14:21:48,8.33,40.23,Completed
TID_0846,DID_062,VID_029,RID_016,2024-01-29 21:23:00,2024-01-30 21:14:00,23.85,67.43,Completed
TID_0847,DID_083,VID_015,RID_036,2024-03-30 14:01:00,2024-03-30 19:15:24,5.24,42.1,Completed
TID_0848,DID_004,VID_022,RID_037,2024-03-02 01:32:00,2024-03-02 15:11:36,13.66,51.6,Completed
TID_0849,DID_056,VID_046,RID_022,2024-01-04 21:04:00,2024-01-05 08:32:12,11.47,35.85,Delayed
TID_0850,DID_084,VID_042,RID_038,2024-01-18 17:45:00,2024-01-19 10:18:36,16.56,49.93,Delayed
TID_0851,DID_099,VID_010,RID_004,2024-02-04 02:17:00,2024-02-04 07:36:12,5.32,46.54,Completed
TID_0852,DID_033,VID_036,RID_029,2024-01-29 04:27:00,2024-01-29 01:40:48,-2.77,49.45,Completed
TID_0853,DID_099,VID_022,RID_004,2024-03-05 05:44:00,2024-03-05 12:05:00,6.35,43.2,Completed
TID_0854,DID_036,VID_003,RID_016,2024-02-27 07:20:00,2024-02-28 03:12:48,19.88,27.53,Completed
TID_0855,DID_058,VID_036,RID_008,2024-03-16 07:10:00,2024-03-17 09:28:36,26.31,42.17,Completed
TID_0856,DID_037,VID_037,RID_003,2024-02-23 02:34:00,2024-02-24 02:56:12,24.37,38.85,Completed
TID_0857,DID_096,VID_025,RID_040,2024-01-24 17:44:00,2024-01-24 23:55:24,6.19,66.9,Completed
TID_0858,DID_053,VID_020,RID_023,2024-02-06 10:45:00,2024-02-06 20:30:36,9.76,48.05,Completed
TID_0859,DID_053,VID_003,RID_032,2024-02-20 15:56:00,2024-02-21 10:51:48,18.93,48.71,Completed
TID_0860,DID_051,VID_034,RID_024,2024-01-01 23:56:00,2024-01-02 20:49:24,20.89,62.45,Completed
TID_0861,DID_012,VID_005,RID_036,2024-01-19 03:45:00,2024-01-19 10:20:24,6.59,56.34,Completed
TID_0862,DID_023,VID_028,RID_001,2024-03-14 06:11:00,2024-03-14 18:31:24,12.34,47.06,Completed
TID_0863,DID_093,VID_049,RID_014,2024-02-02 19:29:00,2024-02-03 04:36:48,9.13,47.49,Completed
TID_0864,DID_075,VID_002,RID_001,2024-03-13 21:49:00,2024-03-14 09:11:12,11.37,40.6,Completed
TID_0865,DID_022,VID_037,RID_021,2024-01-15 10:05:00,2024-01-16 01:44:00,15.65,34.97,Delayed
TID_0866,DID_051,VID_047,RID_003,2024-02-02 01:33:00,2024-02-02 22:52:12,21.32,51.52,
TID_0867,DID_001,VID_015,RID_003,2024-02-26 05:58:00,2024-02-26 23:31:36,17.56,58.38,Completed
TID_0868,DID_025,VID_016,RID_002,2024-01-09 11:18:00,2024-01-10 03:32:24,16.24,53.08,Completed
TID_0869,DID_089,VID_049,RID_028,2024-03-11 00:21:00,2024-03-11 12:36:36,12.26,33.35,Delayed
TID_0870,DID_057,VID_003,RID_018,2024-01-06 05:16:00,2024-01-07 02:45:24,21.49,37.08,Completed
TID_0871,DID_091,VID_012,RID_017,2024-01-13 20:36:00,2024-01-14 09:09:36,12.56,49.9,Completed
TID_0872,DID_088,VID_044,RID_031,2024-03-01 23:08:00,2024-03-02 08:35:00,9.45,65.61,Completed
TID_0873,DID_003,VID_004,RID_025,2024-02-16 22:01:00,2024-02-17 07:55:36,9.91,56.55,Delayed
TID_0874,DID_001,VID_035,RID_028,2024-01-19 16:59:00,2024-01-20 03:03:12,10.07,49.24,Delayed
TID_0875,DID_005,VID_049,RID_024,2024-01-20 22:26:00,2024-01-20 22:26:00,21.35,30.86,Completed
TID_0876,DID_096,VID_046,RID_003,2024-02-13 22:17:00,2024-02-15 03:24:12,29.12,37.17,Completed
TID_0877,DID_093,VID_037,RID_020,2024-03-13 18:17:00,2024-03-14 06:47:00,12.5,29.28,Delayed
TID_0878,DID_078,VID_035,RID_022,2024-02-19 19:13:00,2024-02-20 05:58:00,10.75,58.26,Completed
TID_0879,DID_097,VID_046,RID_012,2024-01-16 04:11:00,2024-01-16 09:17:36,5.11,38.53,Completed
TID_0880,DID_032,VID_004,RID_004,2024-03-08 09:16:00,2024-03-08 14:35:12,5.32,44.81,Completed
TID_0881,DID_037,VID_032,RID_039,2024-03-26 00:25:00,2024-03-26 15:23:48,14.98,30.97,Delayed
TID_0882,DID_058,VID_027,RID_018,2024-03-02 06:37:00,2024-03-02 06:37:00,18.27,51.36,Delayed
TID_0883,DID_005,VID_001,RID_025,2024-02-26 16:58:00,2024-02-26 23:43:00,6.75,37.41,Delayed
TID_0884,DID_066,VID_019,RID_020,2024-02-01 04:14:00,2024-02-01 19:51:12,15.62,61.36,Completed
TID_0885,DID_041,VID_034,RID_020,2024-01-10 20:21:00,2024-01-11 10:30:00,14.15,44.75,Completed
TID_0886,DID_051,VID_044,RID_001,2024-01-09 23:19:00,2024-01-10 13:55:36,14.61,59.68,Completed
TID_0887,DID_055,VID_045,RID_027,2024-03-04 02:36:00,2024-03-04 12:10:48,9.58,44.68,Completed
TID_0888,DID_063,VID_037,RID_004,2024-03-30 12:57:00,2024-03-30 18:31:12,5.57,39.13,Completed
TID_0889,DID_051,VID_002,RID_034,2024-01-17 13:33:00,2024-01-18 00:19:48,10.78,69.69,Completed
TID_0890,DID_003,VID_030,RID_020,2024-01-05 06:56:00,2024-01-05 18:39:12,11.72,34.91,Completed
TID_0891,DID_087,VID_028,RID_023,2024-03-13 09:54:00,2024-03-13 21:12:00,11.3,26.72,Completed
TID_0892,DID_088,VID_031,RID_022,2024-02-17 03:44:00,2024-02-17 16:57:48,13.23,52.17,Completed
TID_0893,INVALID_DID,VID_009,RID_028,2024-03-20 21:50:00,2024-03-21 08:28:24,10.64,56.36,Completed
TID_0894,DID_043,VID_049,RID_007,2024-02-24 09:20:00,2024-02-24 05:28:24,-3.86,36.29,Completed
TID_0895,DID_014,VID_011,RID_040,2024-02-28 08:20:00,2024-02-28 14:20:00,6.0,37.7,Delayed
TID_0896,DID_084,VID_031,RID_007,2024-03-13 06:04:00,2024-03-13 00:19:36,-5.74,57.03,Delayed
TID_0897,DID_045,VID_033,RID_022,2024-01-18 23:54:00,2024-01-19 15:11:24,15.29,30.23,Completed
TID_0898,DID_100,VID_006,RID_017,2024-01-08 20:43:00,2024-01-09 15:41:48,18.98,63.48,Completed
TID_0899,DID_091,VID_032,RID_023,2024-02-01 21:54:00,2024-02-02 12:52:48,14.98,39.84,Completed
TID_0900,DID_099,VID_048,RID_006,2024-02-15 14:33:00,2024-02-15 18:58:48,4.43,35.96,Completed
TID_0901,DID_070,VID_035,RID_029,2024-02-15 22:44:00,2024-02-15 22:44:00,-3.67,44.9,Delayed
TID_0902,DID_051,VID_049,RID_009,2024-02-26 04:42:00,2024-02-26 16:54:00,12.2,47.86,Completed
TID_0903,DID_077,VID_009,RID_004,2024-03-12 19:23:00,2024-03-13 03:48:12,8.42,53.02,Completed
TID_0904,DID_030,VID_033,RID_027,2024-01-19 22:08:00,2024-01-20 04:34:24,6.44,48.81,Completed
TID_0905,DID_066,VID_044,RID_022,2024-01-24 04:41:00,2024-01-24 15:47:00,11.1,57.62,Completed
TID_0906,DID_001,VID_026,RID_010,2024-02-06 14:05:00,2024-02-06 21:00:12,6.92,55.1,Completed
TID_0907,DID_100,VID_037,RID_013,2024-02-18 04:57:00,2024-02-18 17:21:00,12.4,30.09,Completed
TID_0908,DID_037,VID_049,RID_023,2024-02-22 07:14:00,2024-02-22 18:20:00,11.1,58.64,Completed
TID_0909,DID_090,VID_019,RID_039,2024-02-08 17:12:00,2024-02-09 09:03:00,15.85,54.34,Completed
TID_0910,DID_072,VID_020,RID_007,2024-01-11 11:26:00,2024-01-11 07:00:12,-4.43,53.66,Completed
TID_0911,DID_093,VID_032,RID_037,2024-03-13 13:19:00,2024-03-13 21:40:36,8.36,33.03,Completed
TID_0912,DID_069,VID_023,RID_010,2024-03-26 02:09:00,2024-03-26 08:58:12,6.82,59.14,Completed
TID_0913,DID_034,VID_023,RID_003,2024-01-29 19:09:00,2024-01-30 23:34:48,28.43,47.63,Delayed
TID_0914,DID_084,VID_020,RID_032,2024-02-07 00:47:00,2024-02-07 23:29:36,22.71,36.69,Completed
TID_0915,DID_038,VID_022,RID_007,2024-03-01 03:17:00,2024-02-29 23:22:24,-3.91,44.21,Delayed
TID_0916,DID_044,VID_026,RID_007,2024-03-26 00:10:00,2024-03-25 19:35:12,-4.58,36.28,Delayed
TID_0917,DID_008,VID_011,RID_001,2024-01-19 13:41:00,2024-01-20 01:25:24,11.74,41.38,Completed
TID_0918,DID_041,VID_030,RID_031,2024-01-20 10:24:00,2024-01-20 20:04:12,9.67,47.44,Delayed
TID_0919,DID_095,VID_002,RID_036,2024-01-13 00:01:00,2024-01-13 05:56:48,5.93,65.25,Completed
TID_0920,DID_069,VID_004,RID_034,2024-01-01 00:57:00,2024-01-01 12:08:24,11.19,39.45,Completed
TID_0921,DID_047,VID_021,RID_015,2024-01-28 20:57:00,2024-01-29 02:09:00,5.2,55.73,Delayed
TID_0922,DID_093,VID_016,RID_017,2024-03-16 04:01:00,2024-03-16 22:11:12,18.17,46.38,Completed
TID_0923,DID_017,VID_026,RID_015,2024-01-31 20:02:00,2024-02-01 03:50:00,7.8,46.47,Completed
TID_0924,DID_024,VID_022,RID_001,2024-02-12 06:27:00,2024-02-12 20:29:24,14.04,42.37,Delayed
TID_0925,DID_069,VID_036,RID_008,2024-02-20 13:57:00,2024-02-21 18:08:24,28.19,41.46,Completed
TID_0926,DID_033,VID_002,RID_001,2024-03-28 04:49:00,2024-03-28 19:25:36,14.61,45.15,Delayed
TID_0927,DID_060,VID_013,RID_027,2024-02-28 10:02:00,2024-02-28 16:22:24,6.34,36.19,Completed
TID_0928,DID_070,VID_021,RID_038,2024-03-30 08:33:00,2024-03-30 22:51:00,14.3,61.47,Completed
TID_0929,DID_070,VID_008,RID_008,2024-03-23 00:36:00,2024-03-23 18:49:12,18.22,57.98,Completed
TID_0930,DID_039,VID_035,RID_012,2024-01-23 08:14:00,2024-01-23 14:16:24,6.04,63.29,Delayed
TID_0931,DID_052,VID_005,RID_029,2024-03-06 12:38:00,2024-03-06 10:09:48,-2.47,54.9,Completed
TID_0932,DID_022,VID_028,RID_002,2024-02-19 00:02:00,2024-02-19 20:57:12,20.92,45.61,Delayed
TID_0933,DID_050,VID_034,RID_027,2024-02-13 14:04:00,2024-02-13 22:38:48,8.58,68.53,Completed
TID_0934,DID_044,VID_025,RID_021,2024-01-18 01:39:00,2024-01-18 12:49:48,11.18,35.96,Completed
TID_0935,DID_023,VID_039,RID_001,2024-03-14 17:36:00,2024-03-15 04:47:24,11.19,38.51,Delayed
TID_0936,DID_046,VID_050,RID_023,2024-01-28 05:38:00,2024-01-28 17:47:00,12.15,43.68,Completed
TID_0937,DID_046,VID_020,RID_025,2024-01-29 18:26:00,2024-01-30 01:29:36,7.06,46.73,Completed
TID_0938,INVALID_DID,VID_016,RID_011,2024-02-01 17:54:00,2024-02-02 01:48:00,7.9,40.44,Completed
TID_0939,DID_087,VID_017,RID_032,2024-01-28 13:45:00,2024-01-29 11:02:24,21.29,-14.47,Delayed
TID_0940,DID_029,VID_010,RID_008,2024-03-30 13:12:00,2024-03-31 06:21:36,17.16,58.04,Completed
TID_0941,DID_033,VID_024,RID_015,2024-01-24 08:02:00,2024-01-24 12:45:48,4.73,60.29,Completed
TID_0942,DID_072,VID_026,RID_031,2024-03-08 22:37:00,2024-03-09 07:06:24,8.49,37.44,Completed
TID_0943,DID_071,VID_046,RID_006,2024-01-06 00:56:00,2024-01-06 07:00:48,6.08,53.17,Completed
TID_0944,DID_099,VID_006,RID_032,2024-03-06 23:54:00,2024-03-07 16:22:48,16.48,42.54,Completed
TID_0945,DID_097,VID_020,RID_006,2024-01-05 21:35:00,2024-01-06 04:19:24,6.74,52.42,Completed
TID_0946,DID_078,VID_029,RID_016,2024-02-27 11:05:00,2024-02-28 08:45:48,21.68,47.67,Completed
TID_0947,DID_055,VID_016,RID_009,2024-03-13 20:19:00,2024-03-14 06:51:24,10.54,64.02,Completed
TID_0948,DID_059,VID_039,RID_035,2024-01-23 03:58:00,2024-01-23 19:02:48,15.08,60.36,Delayed
TID_0949,DID_077,VID_040,RID_029,2024-02-15 06:44:00,2024-02-15 02:58:24,-3.76,63.32,Delayed
TID_0950,DID_091,VID_009,RID_001,2024-01-12 18:08:00,2024-01-13 06:55:24,12.79,69.29,Completed
TID_0951,DID_040,VID_017,RID_023,2024-01-01 16:18:00,2024-01-02 04:55:48,12.63,-25.92,Completed
TID_0952,DID_062,VID_038,RID_005,2024-02-10 12:54:00,2024-02-10 20:17:24,7.39,60.9,Completed
TID_0953,DID_050,VID_032,RID_008,2024-03-12 16:52:00,2024-03-13 10:01:36,17.16,45.46,Completed
TID_0954,DID_058,VID_025,RID_020,2024-01-21 05:57:00,2024-01-21 18:03:00,12.1,54.88,Completed
TID_0955,DID_039,VID_011,RID_007,2024-03-11 17:20:00,2024-03-11 11:20:00,-6.0,38.0,Delayed
TID_0956,DID_067,VID_047,RID_002,2024-02-19 21:30:00,2024-02-20 15:03:00,17.55,43.85,
TID_0957,DID_048,VID_003,RID_040,2024-01-28 22:02:00,2024-01-29 03:46:24,5.74,45.4,Delayed
TID_0958,DID_054,VID_036,RID_018,2024-01-25 01:45:00,2024-01-25 19:43:12,17.97,47.63,Completed
TID_0959,DID_011,VID_008,RID_006,2024-02-26 17:34:00,2024-02-27 00:10:00,6.6,47.69,Completed
TID_0960,DID_055,VID_026,RID_028,2024-01-21 19:49:00,2024-01-22 07:49:00,12.0,49.88,Completed
TID_0961,DID_059,VID_012,RID_032,2024-02-12 14:14:00,2024-02-13 08:48:48,18.58,44.62,Completed
TID_0962,DID_063,VID_022,RID_040,2024-03-12 16:28:00,2024-03-12 23:40:00,7.2,59.21,Completed
TID_0963,DID_069,VID_011,RID_030,2024-02-07 04:49:00,2024-02-07 11:03:24,6.24,48.59,Completed
TID_0964,DID_072,VID_041,RID_003,2024-01-26 13:31:00,2024-01-27 08:46:36,19.26,34.35,Completed
TID_0965,DID_069,VID_033,RID_017,2024-02-27 17:51:00,2024-02-28 12:25:12,18.57,43.15,Completed
TID_0966,DID_089,VID_049,RID_020,2024-03-07 16:40:00,2024-03-08 04:12:24,11.54,46.37,Completed
TID_0967,INVALID_DID,VID_003,RID_034,2024-02-22 11:35:00,2024-02-22 22:59:36,11.41,36.42,Completed
TID_0968,DID_070,VID_003,RID_003,2024-01-28 08:43:00,2024-01-29 01:46:36,17.06,32.0,Delayed
TID_0969,DID_100,VID_033,RID_023,2024-03-06 19:22:00,2024-03-07 04:50:12,9.47,50.28,Delayed
TID_0970,DID_070,VID_048,RID_010,2024-03-11 02:39:00,2024-03-11 12:13:12,9.57,47.08,Completed
TID_0971,DID_041,VID_040,RID_040,2024-01-02 10:12:00,2024-01-02 16:01:12,5.82,47.79,Completed
TID_0972,DID_081,VID_006,RID_039,2024-03-09 18:12:00,2024-03-10 07:55:48,13.73,66.86,Delayed
TID_0973,DID_013,VID_015,RID_008,2024-01-29 01:23:00,2024-01-30 04:54:48,27.53,40.47,Completed
TID_0974,DID_041,VID_018,RID_026,2024-02-05 15:50:00,2024-02-06 09:45:12,17.92,48.66,Delayed
TID_0975,DID_090,VID_024,RID_020,2024-01-19 21:09:00,2024-01-20 08:01:12,10.87,50.17,Completed
TID_0976,DID_015,VID_045,RID_033,2024-02-23 17:27:00,2024-02-24 04:05:24,10.64,39.2,Completed
TID_0977,DID_085,VID_017,RID_031,2024-01-03 03:03:00,2024-01-03 11:12:36,8.16,-16.53,Completed
TID_0978,DID_057,VID_038,RID_022,2024-03-05 16:09:00,2024-03-06 08:09:00,16.0,48.34,Delayed
TID_0979,DID_014,VID_001,RID_028,2024-01-24 02:01:00,2024-01-24 15:46:36,13.76,37.79,Completed
TID_0980,DID_002,VID_045,RID_038,2024-03-22 10:52:00,2024-03-23 07:50:48,20.98,36.69,Delayed
TID_0981,DID_049,VID_023,RID_030,2024-01-03 16:05:00,2024-01-03 22:49:24,6.74,51.03,Completed
TID_0982,DID_074,VID_005,RID_001,2024-02-09 07:32:00,2024-02-09 17:54:48,10.38,61.65,Completed
TID_0983,DID_010,VID_033,RID_026,2024-01-12 03:54:00,2024-01-12 19:54:00,16.0,46.72,Completed
TID_0984,DID_060,VID_047,RID_014,2024-01-10 13:40:00,2024-01-10 22:59:48,9.33,40.51,Completed
TID_0985,DID_007,VID_020,RID_014,2024-01-03 08:09:00,2024-01-03 16:23:24,8.24,45.55,Completed
TID_0986,INVALID_DID,VID_045,RID_020,2024-01-06 09:54:00,2024-01-06 23:03:36,13.16,36.64,Completed
TID_0987,DID_007,VID_040,RID_019,2024-01-16 00:20:00,2024-01-16 06:15:48,5.93,53.13,Completed
TID_0988,DID_027,VID_016,RID_025,2024-03-16 22:26:00,2024-03-17 06:04:24,7.64,57.91,Delayed
TID_0989,DID_020,VID_011,RID_013,2024-02-21 14:37:00,2024-02-22 04:34:00,13.95,29.3,Completed
TID_0990,DID_029,VID_032,RID_008,2024-03-30 00:42:00,2024-03-30 20:06:36,19.41,32.69,Completed
TID_0991,DID_074,VID_007,RID_014,2024-02-10 00:20:00,2024-02-10 08:15:12,7.92,40.48,
TID_0992,DID_080,VID_029,RID_036,2024-01-07 08:10:00,2024-01-07 15:17:12,7.12,68.62,Completed
TID_0993,DID_010,VID_003,RID_040,2024-01-03 12:17:00,2024-01-03 18:11:36,5.91,28.91,Completed
TID_0994,DID_016,VID_047,RID_023,2024-03-11 15:52:00,2024-03-12 04:14:48,12.38,52.73,Completed
TID_0995,DID_036,VID_018,RID_028,2024-01-17 04:23:00,2024-01-17 16:23:00,12.0,40.62,Completed
TID_0996,DID_052,VID_001,RID_003,2024-03-12 17:10:00,2024-03-13 19:07:36,25.96,39.42,Completed
TID_0997,DID_026,VID_036,RID_005,2024-02-26 13:00:00,2024-02-27 00:27:00,11.45,38.73,Completed
TID_0998,DID_026,VID_025,RID_037,2024-03-30 13:38:00,2024-03-31 02:57:48,13.33,35.96,Completed
TID_0999,DID_044,VID_035,RID_006,2024-02-07 07:52:00,2024-02-07 12:52:00,5.0,69.18,Completed
TID_1000,DID_010,VID_045,RID_036,2024-02-26 22:42:00,2024-02-27 04:10:48,5.48,46.04,Completed
